x,y1,y2
0,0,0
0.1,0,0
0.2,0,0
0.3,0,0
0.4,0,0
0.5,0,0
0.6,0,0
0.7,0,0
0.8,0,0
0.9,0,0
1,0.111408199643492,0
1.00000000000001,0.111408199643731,0
1.000231242335,0.11913688731053,0.0063575206104687
1.00046248466999,0.126865574977328,0.0225496666833671
1.00084790731203,0.139747347772994,0.0630919772512783
1.00135048099386,0.156544596497223,0.12960409806369
1.0019476960537,0.176504992882135,0.217258595647814
1.00265862044708,0.200265834907018,0.325758209265143
1.00352355775849,0.229174167507434,0.459107128462577
1.00460849247284,0.265435354484306,0.626027250032966
1.00602680019286,0.312838687372885,0.842620014246301
1.00795974744425,0.377442539357668,1.13454369653925
1.01045103395522,0.470757239038309,1.50527829570789
1.01218546221194,0.567372003784792,1.7596971212551
1.01391989046867,0.663986768531275,2.01117794567805
1.01599347747492,0.779494066116282,2.30803465367873
1.01827101984543,0.906362513671548,2.62938899642926
1.02031800476939,1.02393080009315,2.91403880937932
1.02201321078752,1.13724671039546,3.14675965409042
1.02363842193701,1.24588381931904,3.36741386448181
1.02553668826703,1.37277327988142,3.62213588815571
1.02778093586752,1.52278983071637,3.91914677238265
1.03000146188673,1.6712207143539,4.20867278885627
1.03184272154187,1.7942995683065,4.44543091492993
1.03343854249875,1.90097209216222,4.64824854861229
1.03516367605691,2.01628850647764,4.8651034786758
1.0372664591328,2.15684887251369,5.12607545266029
1.03958205748873,2.31163485887229,5.40926081502147
1.04162586263978,2.44825285025269,5.65556257196884
1.04328878616655,2.55941084001028,5.85340811316954
1.0448904852735,2.66647628833576,6.04191573217407
1.04679812100749,2.79399204595494,6.26382818788709
1.04907870466087,2.94643747733104,6.52544507725313
1.05131696960256,3.06670987533684,6.77837328924298
1.05313826428877,3.14787274014133,6.9813205771851
1.05470606107015,3.21773890686925,7.15401995031386
1.05642420006342,3.29430481566032,7.34124199253799
1.05854877841552,3.38898299534392,7.56980659729617
1.06089297714737,3.48349968184158,7.81828012534011
1.06293444249903,3.55173047568063,8.03148740605577
1.06457385468255,3.60652366363245,8.20051781083239
1.06615831191693,3.65948012200075,8.36215304704309
1.06807201454352,3.72344077128513,8.55512586728935
1.07037831650098,3.81316732404033,8.78444153837854
1.07262960995361,3.96365485429673,9.00492485032842
1.07443744390818,4.08449936997632,9.17949586220415
1.07598578679661,4.18799822615516,9.32731215288422
1.07769841748268,4.30247888698858,9.48907397177984
1.0798368393728,4.44542152670201,9.68847992647963
1.08220062609704,4.6524622189871,9.90563480768181
1.08382497961789,4.79723526006173,10.0527924980838
1.08544933313875,4.94200830113635,10.1983803443452
1.08749430361388,5.12426948430298,10.3794484521971
1.08988227750361,5.33710138178376,10.5878000607027
1.09156471280096,5.46961886816746,10.7325374077043
1.0932471480983,5.60082482941317,10.8756647381254
1.09529982143724,5.76090407821593,11.0481349250363
1.097623052037,5.94208293514942,11.2405228666614
1.09972600557685,6.10608332261533,11.4121044868283
1.10142236151631,6.19083607470177,11.548672485787
1.10300215557356,6.26123687939194,11.6744803466101
1.10485413858652,6.34376731668965,11.8203065293373
1.10710347497841,6.44400512381497,11.9950213149484
1.10938524638166,6.54568834142878,12.1696179066709
1.11126312996724,6.61530068963579,12.3112537859413
1.11283830282174,6.6679468411902,12.428646897307
1.11451046072046,6.72383447149499,12.5519565129356
1.11657960110583,6.79299023303792,12.7026590963202
1.11893105939983,6.87158175355943,12.8714359750444
1.12060706237814,6.94788741386872,12.9900507737162
1.12228306535645,7.05991969851519,13.1073555582582
1.12432814633632,7.19662297257008,13.2487380169968
1.12665228878264,7.35198008796598,13.4071047972348
1.12876426009372,7.49315464084612,13.5488931292376
1.13046586186388,7.60689807468025,13.6615922254904
1.13204250315616,7.7122885353939,13.7648858161792
1.13388610514551,7.8355239624895,13.8843229101125
1.13613039130222,7.98554309061163,14.0277591304672
1.13841851783704,8.13849272529214,14.1718279557202
1.14030523355337,8.25440842981413,14.2889082233567
1.14188181717753,8.30710173276055,14.3855675125761
1.14354717767523,8.36276217720258,14.4866043809352
1.14560779539107,8.43163309016504,14.6100906014251
1.14795977581508,8.51024206155565,14.7489994898315
1.14964171366673,8.56645656194509,14.8469358101734
1.15132365151838,8.63741762559637,14.9437888615112
1.15336889646048,8.72856044832795,15.0601205894261
1.15568581648887,8.83181000396052,15.1900203091042
1.15779228468928,8.92568113588606,15.306385218119
1.15949597969304,9.00160337313035,15.3992212598437
1.16107869018003,9.09616912968101,15.4845319005815
1.16292622995675,9.21966777785743,15.5830089247014
1.16516785807173,9.36950922939388,15.7008852006315
1.16744882889675,9.52198054122649,15.8190608890824
1.16933316471348,9.64793881774637,15.9152713066501
1.17091344351646,9.74339591780662,15.9949811787378
1.17258429715917,9.83646931590734,16.0783839474424
1.17464693488621,9.95136669375065,16.1800838284055
1.17699394156135,10.082104587865,16.2941389028439
1.17867592258626,10.1757978267749,16.3747150720211
1.18035790361117,10.2615163862915,16.4544030549134
1.18240212437288,10.329839272712,16.5500715628576
1.18471803461481,10.4072426898891,16.6569113167054
1.18682488538058,10.4776588251086,16.7526795535127
1.18852963908965,10.5346358875776,16.8291025982623
1.19011286930624,10.5888087926134,16.8993119905561
1.19195986488836,10.6711169736346,16.980312380985
1.19420037020358,10.7709612390187,17.0772538959534
1.19648109332133,10.8725977415924,17.1744870488183
1.19836628467512,10.956608051476,17.2536818292755
1.1999473467073,11.0270653612877,17.3192890935104
1.20161812219154,11.1375750128038,17.3879054136507
1.20367988799224,11.2753935823692,17.4715479714235
1.20602617568366,11.432230994897,17.5653696056688
1.2077089975276,11.5447190860695,17.6316942037921
1.20939181937154,11.657207177242,17.6972902653084
1.2114358959955,11.7618491976604,17.7759998347814
1.21375062717963,11.8650012112135,17.8638677628572
1.21585676664356,11.9588576935631,17.9426451881518
1.2175619880854,12.034847953895,18.0055340871691
1.21914615941283,12.1054438241012,18.0633303068209
1.22099361984822,12.176702980667,18.1299921267251
1.22323355965736,12.2515672791006,18.20973713753
1.22551323071758,12.3277594936802,18.2897124871077
1.22739823023351,12.3907608143997,18.3548645086878
1.22897994835959,12.4436257250307,18.4088588692297
1.23065148879288,12.5140089568228,18.4653386558074
1.23271338921906,12.6288652639848,18.5341638467527
1.23505884619304,12.7595168333915,18.6113389032655
1.23674182089266,12.8532654240566,18.6659091524531
1.23842479559228,12.9470140147217,18.7198829414085
1.24046870169037,13.0608679640358,18.7846395819639
1.24278308386702,13.1897885398297,18.856931944724
1.24488915346219,13.3071052507902,18.9217540328214
1.24659460696405,13.4021060028995,18.9734967129393
1.24817901648379,13.4903641089456,19.0210523092845
1.25002648061029,13.5926854036415,19.0759001757673
1.25226616178341,13.6675410578233,19.1415090759493
1.25454561381528,13.7437259519369,19.2073156792214
1.25643070169005,13.806730225826,19.2609225119396
1.25801264611993,13.8596027000866,19.305345643891
1.25968430907838,13.9154737882702,19.3518172661751
1.26174610846352,13.9843841955275,19.408443953872
1.26409131756332,14.0627668526065,19.471943293618
1.26577443917587,14.1190209171972,19.5168412592085
1.26745756078843,14.1752749817879,19.5612514506614
1.26950141637221,14.2435856630639,19.6145319658588
1.27181556892967,14.361384187259,19.6740139785827
1.27392152465136,14.4786945549998,19.7273530395707
1.27562708571955,14.5737012989947,19.7699203926733
1.27721167156795,14.6619692272699,19.8090473955543
1.27905920272221,14.7648842871108,19.8541764919454
1.28129875744436,14.8896366669096,19.9081589524206
1.28357802058774,15.0166009685685,19.9623095268107
1.28546309668734,15.1216074357919,20.0064143105572
1.28704517484794,15.2097356755759,20.0429591178483
1.28871696873047,15.30286144889,20.0811957943326
1.29077876933828,15.4003599377768,20.1277885614303
1.29312381581818,15.4787371596986,20.1800388002901
1.29480698539514,15.5349928273778,20.21697565494
1.29649015497211,15.5912484950571,20.253514236264
1.29853397722537,15.6595580623453,20.2973530001665
1.30084803910622,15.736899702748,20.3462988381056
1.30295396458548,15.8072849126162,20.3901920659543
1.30465957792905,15.8642907061849,20.425208427257
1.30624422917219,15.9172536488032,20.4573974624931
1.30809177277453,15.9790031007531,20.4945287264238
1.31033126803465,16.0575431387989,20.5389470080553
1.31261046627529,16.1591116878471,20.5835103842247
1.31449555291328,16.2431173312512,20.6197974625822
1.31607768721988,16.3136224251284,20.6498580339427
1.31774952190776,16.3881248621996,20.6813168842287
1.31981130826401,16.4800048245995,20.7196536083148
1.32215629035944,16.5845049179786,20.7626506949972
1.32383948949833,16.6595137922608,20.793036732549
1.32552268863722,16.734522666543,20.8230981494375
1.32756649773063,16.8256015031474,20.859168855229
1.32988051061412,16.928721506868,20.8994467313117
1.3319864144123,17.0225674871791,20.9355683008335
1.33369205245427,17.0985763125787,20.964371135131
1.33527674057546,17.1691952128103,20.990850988512
1.3371242959857,17.2515283416089,21.0214016914265
1.33936376255497,17.3513263170664,21.0579514054697
1.3416429222041,17.434589645859,21.0946272037595
1.34352800903672,17.497593884917,21.1244817640511
1.3451101724872,17.5504736793849,21.1492065720228
1.34678203318141,17.6063513763839,21.1750883517163
1.34884381716482,17.6752612688778,21.2066323432534
1.35118876450893,17.7536351774374,21.242016711461
1.35287197578815,17.8098922389088,21.2670124621213
1.35455518706738,17.8661493003803,21.2917442022838
1.35659898904377,17.9344581899656,21.3214235813633
1.35891298020743,18.0117974668259,21.3545701107378
1.36101887580715,18.0935327899798,21.3842975117067
1.36272452573709,18.1695421451464,21.4079876738955
1.36430922979894,18.2401617557461,21.429769684888
1.36615678909865,18.3224950578721,21.4549058452491
1.36839624203704,18.4222924258929,21.4849816883288
1.37067538550914,18.5238585342754,21.5151680932159
1.37256047388441,18.6078642550983,21.5397300704448
1.3741426505728,18.6783712376472,21.560064388031
1.37581452174947,18.7528753007784,21.5813571546469
1.37787630326869,18.8447550476241,21.6073121783937
1.3802212351938,18.9492529052495,21.6364332306467
1.3819044528722,19.0242626057129,21.6569938167548
1.3835876705506,19.0992723061762,21.6773402644
1.38563146937268,19.190350685057,21.70176100572
1.38794544964496,19.293469235515,21.7290401338452
1.39005134067729,19.3861706924529,21.7535065533434
1.39175699626512,19.4241754961033,21.7729899683687
1.39334170845209,19.459485482444,21.7909065246671
1.39518927013646,19.5006521866414,21.8115876407533
1.39742871653377,19.5505507249058,21.8363369738329
1.39970785159311,19.6013335916468,21.8611841079832
1.40159294027183,19.6433364588198,21.8813913940279
1.40317512349609,19.6785900957239,21.8981131671737
1.40484700026728,19.7158422519447,21.915630075436
1.40690878100635,19.7617821079846,21.9369865887357
1.4092537052032,19.8140308645991,21.9609543740847
1.41093692576262,19.8828501427484,21.9778657110151
1.41262014632203,19.976612428812,21.9946039450196
1.41466394356195,20.09046031428,22.0146979660814
1.41697791877955,20.2193582207865,22.037149547558
1.41908380782231,20.3366648742376,22.0572873294791
1.42078946612252,20.4228817345152,22.0733094435512
1.42237418204284,20.4935018735669,22.0880454932694
1.42422174471003,20.5758353257591,22.1050610359329
1.42646118798759,20.6756322632618,22.1254278256951
1.42874031922829,20.7771978265728,22.145881930461
1.43062540818202,20.8472684532538,22.162506227993
1.43220759446889,20.8825221583978,22.176255600057
1.43387947374011,20.9197743703233,22.1906657409186
1.43594125398702,20.9657142153971,22.2082386599694
1.43828617459596,21.0179628920669,22.2279664489235
1.43996939658615,21.0554678383724,22.2418752105363
1.44165261857634,21.1113843107067,22.2556446332726
1.44369641508205,21.1796930174483,22.2721786912153
1.44601038783747,21.2570316790598,22.290658255307
1.44811627587093,21.3274156373974,22.3072344977267
1.44982193546567,21.3844229767939,22.3204086792338
1.45140665321613,21.4373881422505,22.332527825818
1.45325421640028,21.4991382486726,22.3465273741061
1.45549365818407,21.573985901874,22.3632882776432
1.45777278753821,21.6501600113038,22.3801278714617
1.45965787658453,21.7131643243493,22.3938041273685
1.46124006435422,21.7660449316249,22.4051078274114
1.46291194487297,21.821923291209,22.4169617449876
1.46497372492025,21.8908330521473,22.4314215714277
1.4673186437818,21.9692060087502,22.4476607608352
1.46900186644008,22.0254634505375,22.4590990323841
1.47068508909836,22.0893533466292,22.4704257459406
1.47272888524639,22.1804316063455,22.4840307129361
1.47504285683827,22.2835497699762,22.4992421612229
1.47714874440656,22.3773950270305,22.5128880169506
1.4788544046209,22.4534048405036,22.523718947627
1.48043912323282,22.5093485208648,22.533684929294
1.48228668665004,22.5299318922687,22.5452029514687
1.48452612772031,22.5548811020534,22.558996982251
1.48680525619069,22.5802724620175,22.572862608779
1.48869034529291,22.6012739003221,22.584113251206
1.49027253376599,22.6158645276292,22.5934046752133
1.49194441486556,22.6158645276292,22.6031553577032
1.4940061948067,22.6158645276292,22.6150537700058
1.4963511128424,22.6158645276292,22.6284225892936
1.49803433582488,22.6158645276292,22.6378281686784
1.49971755880736,22.6158645276292,22.6471450479378
1.50176135478637,22.6551104007658,22.658339995772
1.50407532581785,22.7066694700947,22.6708624824869
1.50618121315854,22.7535920935504,22.6820972532489
1.50788687366892,22.7915970068832,22.6910001829263
1.50947159269677,22.82690714565,22.6991945632013
1.51131915622964,22.8533774089755,22.7086708148213
1.51355859695856,22.8783266149573,22.7200237412147
1.51583772500095,22.9037179701532,22.7314424266336
1.51772281412643,22.9247194087169,22.7406973033057
1.51930500293747,22.9423462894103,22.7483330483057
1.52097688431941,22.9609724188883,22.7563532123276
1.52303866421301,22.983942337489,22.7661441244116
1.52538358185098,23.0100666427248,22.7771512406797
1.52706680498704,23.0288191286435,22.7848843443572
1.5287500281231,23.0475716145622,22.7925475551264
1.5307938240207,23.0614973262032,22.8017595688595
1.53310779478547,23.0614973262032,22.8120696123076
1.53521368201889,23.0614973262032,22.8213205722176
1.53691934267087,23.0614973262032,22.8286371649487
1.53850406189638,23.0614973262032,22.8353738916541
1.54035162548328,23.0575799299991,22.8431701987497
1.54259106604906,23.0326307258349,22.8525146149743
1.54487019388844,23.0072393729006,22.8619199881074
1.54675528302608,22.9862379342014,22.8695327727174
1.54833747199821,22.9686110517133,22.8758062439808
1.55000935351377,22.9501933323727,22.8824025574638
1.55207113338368,22.9731632507094,22.8904594439442
1.55441605083234,22.9992875538362,22.899523380614
1.55609927404225,23.0180400405777,22.9058803910241
1.55778249725217,23.0367925273192,22.9121829828938
1.55982629311103,23.0595620890267,22.9197634626064
1.56214026374791,23.0853416192949,22.928253135158
1.56424615092959,23.1088029292512,22.9358718397289
1.56595181164925,23.1278053882492,22.9418832131678
1.56753653096962,23.1454604608915,22.947420599589
1.56938409458273,23.1660438344779,22.9538346684683
1.57162353507049,23.1729055258467,22.9615265071789
1.57390266281233,23.1729055258467,22.969275351773
1.57578775195547,23.1729055258467,22.9755370428089
1.57736994100477,23.1729055258467,22.9806896512744
1.57904182258463,23.1729055258467,22.9861144373953
1.58110360244349,23.1729055258467,22.9927445885926
1.58344851980138,23.1729055258467,23.0002097009827
1.58513174304649,23.1729055258467,23.0054344782808
1.5868149662916,23.1729055258467,23.0106175691689
1.58885876213188,23.1729055258467,23.0168556424644
1.59117273270771,23.1859707298096,23.0238475360942
1.59327861986478,23.2094320394917,23.0301232407841
1.59498428061681,23.2284344988504,23.0350606953806
1.59656899998244,23.2460895719968,23.0396112788812
1.59841656360797,23.2666729457216,23.0448880587793
1.60065600405843,23.291622148601,23.0512201768145
1.60293513175377,23.3170134999306,23.0576060499199
1.60482022089963,23.3380149387214,23.0627560774496
1.60640240998579,23.3556418224798,23.0669864533673
1.60807429159627,23.3742679545039,23.0714473207819
1.61013607144977,23.3942059776096,23.0769035714248
1.61248098876433,23.3680816759767,23.0830531906649
1.6141642120263,23.3493291886553,23.0873463801501
1.61584743528827,23.3305767013339,23.0916083590716
1.61789123111968,23.3078071399322,23.0967419165984
1.6202052016663,23.2820276106696,23.102501455915
1.62231108881156,23.258566301119,23.1076721565524
1.62401674957906,23.239563841588,23.1117260036195
1.62560146896636,23.2219087682001,23.115464657502
1.62744903259787,23.2013253944088,23.1198056897267
1.62968847303049,23.1763761917281,23.1250190460595
1.63196760070354,23.1729055258467,23.1302834827491
1.63385268985068,23.1729055258467,23.1345188469517
1.63543487895448,23.1729055258467,23.1379904209918
1.63710676057964,23.1729055258467,23.1416581876744
1.6391685404306,23.1729055258467,23.1461485671129
1.64151345772442,23.1897666858782,23.1512158145299
1.64319668099444,23.2085191732893,23.1547425047744
1.64487990426446,23.2272716607004,23.1582466038567
1.64692370009163,23.2500412220547,23.1624713791483
1.64923767062429,23.2758207511619,23.1672169522486
1.65134355776391,23.2992820606497,23.1714784689017
1.65304921853882,23.3182845202632,23.1748052943288
1.65463393793647,23.3359395937664,23.1778759022852
1.65648150157082,23.3565229675894,23.1814470126051
1.65872094199491,23.3814721701751,23.1857398653318
1.66100006965734,23.3288723491084,23.1900815977005
1.66288515880509,23.2028637162371,23.1935643879502
1.66446734791732,23.097102411944,23.1964116289344
1.66613922954948,22.9853456183502,23.1994268418833
1.66820100939922,22.8475261096778,23.203122514151
1.67054592668314,22.7576830817256,23.2072991991176
1.67222914995701,22.8514455189959,23.2101952230234
1.67391237323089,22.9452079562661,23.2130757477071
1.67595616905603,23.059055762925,23.216552787945
1.678270139582,23.1879534080883,23.220464081893
1.68037602671892,23.3262061852634,23.22397753294
1.68208168749737,23.5162307817932,23.2267061737228
1.68366640689998,23.6927815173772,23.229227121538
1.6855139705357,23.8986152557597,23.2321647494001
1.68775341095571,24.1481072811617,23.235700222875
1.69003253861304,24.3944081467983,23.2392827652731
1.69191762776108,24.1633923198319,23.2421463467524
1.69349981687734,23.9694965948002,23.2444798940203
1.69517169851286,23.7646091394665,23.246958193622
1.69723347836202,23.5119400403048,23.2499999904185
1.69957839564119,23.224572726681,23.253443931356
1.70126161891691,23.1166836489791,23.2558210506025
1.70294484219262,23.0416736990809,23.2581885057899
1.70498863801679,22.9505954537971,23.2610503186486
1.70730260853957,22.8474773378086,23.2642751777821
1.70940849567521,22.753632100035,23.2671731294762
1.71111415645536,22.7893358096789,23.2694095911463
1.71269887586032,22.8776111776027,23.2714782852236
1.71454643949669,22.9805280468301,23.2738946913605
1.71678587991475,23.1052740594224,23.2768070023281
1.71906500756965,23.2322308138175,23.2797648923827
1.72095009671784,23.2737288690079,23.2821189963557
1.72253228583603,23.2561019848927,23.2840298826271
1.72420416747315,23.2374758525718,23.2860664164011
1.72626594732202,23.2145059344694,23.2885702123489
1.72861086459893,23.1883816332561,23.2914112603434
1.73029408787553,23.1761819059217,23.2933614310948
1.73197731115213,23.1949343934061,23.2953067388889
1.73402110697584,23.2177039547219,23.297662350083
1.73633507749709,23.2434834837019,23.3003224189352
1.7384409646321,23.2669447931384,23.3027139451885
1.74014662541305,23.2859472528192,23.3045454478208
1.74173134481916,23.3036023264166,23.3062420329767
1.74357890845585,23.3241857002657,23.3082295841657
1.74581834887297,23.3491349027737,23.3106291645419
1.7480974765267,23.3745262536397,23.3130730981861
1.74998256567495,23.3955276924571,23.3150080102132
1.75156475479406,23.3782892736846,23.3165711361142
1.75323663643196,23.3596631413551,23.3182441902934
1.7552984162807,23.3366932232542,23.3203053256338
1.75764333355652,23.310568922053,23.32265032059
1.75932655683354,23.2918164345639,23.3242492032696
1.76100978011056,23.2730639470748,23.3258471732807
1.76305357593404,23.2502943857615,23.3277862878525
1.76536754645456,23.2245148567896,23.329981654076
1.76747343358928,23.2010535473565,23.3319564995867
1.76917909437062,23.1820510876713,23.3334548068075
1.77076381377727,23.1814150376256,23.3348452252313
1.77261137741411,23.2019984114762,23.3364799197428
1.77485081783078,23.2269476139793,23.3384576315747
1.77712994548395,23.252338964839,23.3404786880858
1.77901503463224,23.2733404036569,23.3420686940369
1.7805972237518,23.2909672877874,23.3433456868999
1.78226910539006,23.309593420121,23.3447196744532
1.78433088523874,23.3325633382212,23.3464165939861
1.78667580251403,23.3586876394165,23.3483534424875
1.78835902579126,23.3774401269079,23.3496632895794
1.79004224906849,23.395251235868,23.3509754742528
1.79208604489186,23.3724816745559,23.3525719004285
1.79440001541202,23.3467021455879,23.3543849149359
1.7965059025466,23.3232408361564,23.3560169205587
1.79821156332813,23.3042383764691,23.3572410786144
1.79979628273504,23.2865833028627,23.3583795867444
1.80164384637195,23.2843137254902,23.3597239550385
1.80388328678841,23.2843137254902,23.3613545585218
1.80616241444131,23.2843137254902,23.3630276768297
1.80804750358961,23.2843137254902,23.3643338982225
1.80962969270938,23.2843137254902,23.3653754642735
1.81130157434782,23.2988143309694,23.3665033834148
1.81336335419647,23.3217842490693,23.3679006305754
1.81570827147151,23.3479085502619,23.369501661098
1.81739149474883,23.3666610377544,23.3705736931953
1.81907471802616,23.3854135252468,23.3716507371403
1.82111851384948,23.383260763709,23.3729652034381
1.82343248436948,23.3574812347429,23.3744636235664
1.82553837150399,23.334019925312,23.3758135446656
1.82724403228561,23.3150174656237,23.3768121360956
1.82882875169264,23.297362392016,23.3777433754747
1.83067631532958,23.2767790181642,23.3788488668596
1.83291575574594,23.2518298156647,23.3801938737814
1.83519488339871,23.2264384648093,23.3815807127335
1.83707997254703,23.2054370259912,23.3826534396153
1.8386621616669,23.1878101418572,23.3835012993256
1.84033404330542,23.1766270421726,23.384426756346
1.84239582315405,23.1995969602723,23.3855774366939
1.84474074042898,23.2257212614636,23.3869021602351
1.84642396370635,23.2444737489566,23.3877785210237
1.84810718698372,23.2632262364496,23.3886620940143
1.85015098280702,23.2859957977609,23.3897445671262
1.85246495332694,23.3117753267261,23.3909841427947
1.85457084046142,23.3352366361566,23.392101968151
1.85627650124307,23.3542390958453,23.3929149660825
1.85786122065017,23.3718941694537,23.393675667234
1.85970878428713,23.3924775433057,23.3945846135798
1.86194822470344,23.3740171044626,23.3956946350964
1.86422735235615,23.348625753608,23.3968459268483
1.86611244150446,23.3276243147898,23.3977265372634
1.86769463062438,23.3099974306553,23.3984150177333
1.86936651226294,23.2913712983184,23.3991738913632
1.87142829211157,23.2843137254902,23.4001216995122
1.87377320938644,23.2843137254902,23.4012190810025
1.87545643266383,23.2843137254902,23.401934445799
1.87713965594122,23.2843137254902,23.4026588332223
1.87918345176451,23.2843137254902,23.4035504251396
1.88149742228439,23.3009962375711,23.4045770267094
1.88360330941885,23.3244575470015,23.4055038864886
1.88530897020054,23.3434600066904,23.4061641803286
1.88689368960766,23.3611150802992,23.4067845646836
1.88874125324462,23.3816984541512,23.4075317961425
1.8909806936609,23.3847961936174,23.4084484745025
1.89325982131359,23.359404842763,23.4094059608598
1.89514491046191,23.3384034039448,23.4101285001638
1.89672709958185,23.32077651981,23.4106858453176
1.89839898122043,23.3021503874729,23.4113076561434
1.90046076106905,23.2843137254902,23.4120885434947
1.90280567834389,23.2843137254902,23.4129988706882
1.90448890162129,23.2843137254902,23.4135817699247
1.9061721248987,23.2843137254902,23.4141751813837
1.90821592072198,23.2843137254902,23.4149097185569
1.91052989124184,23.2902171484162,23.4157610876076
1.9126357783763,23.3136784578464,23.4165308232137
1.91434143915799,23.3326809175355,23.4170654739695
1.91592615856512,23.3503359911445,23.4175704073573
1.91777372220209,23.3709193649966,23.4181845817581
1.92001316261836,23.3957219251338,23.4189421797014
1.92229229027103,23.3957219251338,23.4197402053182
1.92417737941935,23.3957219251338,23.4203326856189
1.9257595685393,23.3957219251339,23.4207821342166
1.9274314501779,23.3957219251339,23.4212911714207
1.92949323002651,23.3957219251339,23.4219347183535
1.93183814730133,23.3957219251339,23.4226911395283
1.93352137057874,23.3957219251339,23.4231650477
1.93520459385616,23.3957219251338,23.4236506937157
1.93724838967943,23.3957219251338,23.4242560081402
1.93956236019927,23.3957219251338,23.4249631979882
1.94166824733372,23.3771362819327,23.4256036537204
1.94337390811542,23.3581338222435,23.4260349268622
1.94495862752257,23.3404787486345,23.4264448685869
1.94680619115954,23.3198953747823,23.4269495652457
1.94904563157581,23.2949461722838,23.4275762737413
1.95132475922846,23.2695548214297,23.4282430969844
1.95320984837678,23.2485533826116,23.4287285663064
1.95479203749674,23.2309264984765,23.4290892389193
1.95646391913534,23.2123003661392,23.4295054873482
1.95852569898396,23.1893304480396,23.4300360322414
1.96087061625877,23.1826049048437,23.4306658214007
1.96255383953619,23.2013573923372,23.4310500530392
1.9642370628136,23.2201098798307,23.4314470309483
1.96628085863688,23.2428794411417,23.4319460224541
1.96859482915672,23.268658970106,23.4325345833936
1.97070071629117,23.2921202795362,23.4330686692051
1.97240637707287,23.3111227392254,23.4334148844933
1.97399109648002,23.3287778128344,23.4337466682237
1.97583866011699,23.3493611866866,23.434161287917
1.97807810053325,23.374310389185,23.4346803021541
1.98035722818591,23.3957219251337,23.4352391736671
1.98224231733423,23.3957219251337,23.4356365956467
1.98382450645419,23.3957219251337,23.4359242244505
1.98549638809279,23.3957219251337,23.4362641273943
1.98755816794141,23.3957219251337,23.4367016955727
1.98990308521622,23.3957219251337,23.4372272934374
1.99158630849364,23.3957219251337,23.4375377403063
1.99326953177105,23.3957219251337,23.4378617631669
1.99531332759433,23.3957219251337,23.438273273458
1.99762729811417,23.3957219251337,23.4387642279627
1.99973318524862,23.3957219251337,23.4392107938868
2.00143884603032,23.3957219251336,23.4394870245991
2.00302356543747,23.3957219251336,23.4397545008747
2.00487112907444,23.3957219251336,23.4400950063275
2.0071105694907,23.3957219251336,23.440525411028
2.00938969714335,23.3957219251335,23.4409954611598
2.01127478629167,23.3957219251335,23.4413204388483
2.01285697541164,23.3957219251335,23.4415479680871
2.01452885705024,23.3957219251335,23.441825054887
2.01659063689886,23.3957219251335,23.4421861229461
2.01893555417367,23.3957219251335,23.4426259934706
2.02061877745108,23.3957219251335,23.4428757311212
2.0223020007285,23.3957219251335,23.443139727448
2.02434579655177,23.3957219251336,23.443479259251
2.02665976707161,23.3957219251336,23.4438899043587
2.02876565420606,23.3957219251336,23.4442644599752
2.03047131498776,23.3957219251336,23.4444831082229
2.03205603439492,23.3957219251336,23.4446976731004
2.03390359803189,23.3957219251336,23.4449771982503
2.03614303844814,23.3957219251336,23.4453346960931
2.0384221661008,23.3957219251336,23.445731665064
2.04030725524912,23.3922988497201,23.4459970364638
2.04188944436908,23.374671965585,23.4461751165055
2.04356132600769,23.3560458332477,23.44640051894
2.0456231058563,23.3330759151482,23.4466986436238
2.04796802313111,23.3069516139583,23.447067978727
2.04965124640853,23.2881991264649,23.4472677655652
2.05133446968595,23.2843137254904,23.4474823727843
2.05337826550922,23.2843137254904,23.4477626815555
2.05569223602906,23.2843137254904,23.4481072490603
2.05779812316351,23.2843137254904,23.4484225554645
2.05950378394521,23.2843137254904,23.448593825555
2.06108850335236,23.2964405453696,23.4487648555725
2.06293606698934,23.3170239192218,23.4489942068648
2.06517550740559,23.3419731217201,23.4492917178246
2.06745463505825,23.367364472574,23.449628556498
2.06933972420657,23.3883659113922,23.4498448845625
2.07092191332653,23.3957219251336,23.4499822784015
2.07259379496514,23.3957219251336,23.4501651555636
2.07465557481375,23.3957219251336,23.4504114911977
2.07700049208856,23.3957219251336,23.4507227906072
2.07868371536598,23.3957219251336,23.4508814785195
2.08036693864339,23.3957219251336,23.4510554489766
2.08241073446667,23.3957219251336,23.4512870297518
2.08472470498651,23.3957219251336,23.4515772294021
2.08683059212096,23.3957219251336,23.4518437862691
2.08853625290266,23.3957219251336,23.4519760741834
2.09012097230981,23.3957219251336,23.4521112842434
2.09196853594678,23.3957219251336,23.4522993530909
2.09420797636304,23.3957219251336,23.4525475075671
2.09648710401569,23.3957219251336,23.4528348717571
2.09837219316402,23.3957219251336,23.4530108475571
2.09995438228398,23.3957219251336,23.4531147652793
2.10162626392258,23.3957219251336,23.4532626531603
2.1036880437712,23.3957219251336,23.453466377389
2.10603296104601,23.3957219251336,23.4537299257299
2.10771618432343,23.3957219251336,23.4538547979419
2.10939940760084,23.3957219251336,23.4539953329614
2.11144320342412,23.3796434556135,23.4541868209294
2.11375717394396,23.3538639266492,23.4544322873648
2.11586306107841,23.330402617219,23.4546587337009
2.11756872186011,23.3114001575299,23.4547589475509
2.11915344126726,23.2937450839208,23.4548646853819
2.12100100490423,23.2843137254901,23.455018787532
2.1232404453205,23.2843137254901,23.4552263320889
2.12551957297315,23.2843137254901,23.4554729892708
2.12740466212146,23.2843137254901,23.4556157637143
2.12898685124143,23.2843137254901,23.4556921376915
2.13065873288003,23.2916525499111,23.4558112368142
2.13272051272865,23.3146224680107,23.4559799008926
2.13506543000346,23.3407467692006,23.4562041602303
2.13674865328088,23.3594992566941,23.456301209292
2.13843187655829,23.3782517441876,23.4564142340368
2.14047567238157,23.3957219251336,23.4565727341267
2.1427896429014,23.3957219251336,23.4567813946127
2.14489553003585,23.3957219251336,23.4569748384877
2.14660119081755,23.3957219251336,23.4570486621846
2.14818591022471,23.3957219251336,23.4571301506212
2.15003347386168,23.3957219251336,23.4572563053823
2.15227291427793,23.3957219251336,23.4574304365876
2.15455204193058,23.3957219251336,23.4576436005344
2.1564371310789,23.3957219251336,23.4577590573023
2.15801932019887,23.3957219251336,23.4578127686184
2.15969120183748,23.3957219251336,23.457908180698
2.16175298168609,23.3957219251336,23.4580479977078
2.1640978989609,23.3957219251336,23.4582399305277
2.16578112223832,23.3957219251336,23.458314087037
2.16746434551574,23.3957219251336,23.4584044766597
2.16950814133901,23.3957219251336,23.4585358347215
2.17182211185884,23.3957219251336,23.4587142117162
2.17392799899329,23.3957219251336,23.4588805015644
2.175633659775,23.3957219251336,23.4589326117617
2.17721837918215,23.3957219251336,23.4589941480891
2.17906594281912,23.3957219251336,23.4590973080758
2.18130538323538,23.3811788855238,23.4592439471784
2.18358451088802,23.3557875346699,23.4594295532954
2.18546960003635,23.3347860958517,23.4595225334095
2.18705178915632,23.3171592117165,23.4595575981614
2.18872367079492,23.2985330793791,23.4596335208278
2.19078545064354,23.2843137254901,23.4597496028175
2.19313036791834,23.2843137254901,23.4599149377684
2.19481359119576,23.2843137254901,23.4599702585618
2.19649681447318,23.2843137254901,23.4600420242791
2.19854061029646,23.2843137254901,23.4601510502076
2.20085458081628,23.2938344565093,23.4603045103111
2.20296046795073,23.3172957659394,23.4604484581537
2.20466612873243,23.3362982256286,23.4604827027454
2.20625084813959,23.3539532992378,23.4605278227181
2.20809841177657,23.37453667309,23.4606120628819
2.21033785219282,23.3957219251336,23.4607360818141
2.21261697984547,23.3957219251336,23.4608990136812
2.21450206899378,23.3957219251336,23.4609735002756
2.21608425811376,23.3957219251336,23.4609932228595
2.21775613975236,23.3957219251336,23.4610531098718
2.21981791960098,23.3957219251336,23.4611496629732
2.22216283687579,23.3957219251336,23.4612931135186
2.2238460601532,23.3957219251336,23.4613329365122
2.22552928343062,23.3957219251336,23.4613893787048
2.2275730792539,23.3957219251336,23.4614800300234
2.22988704977373,23.3957219251336,23.4616129888094
2.23199293690818,23.3957219251336,23.4617385539193
2.23369859768988,23.3957219251336,23.4617580989063
2.23528331709704,23.3957219251336,23.4617897117004
2.23713088073401,23.3957219251336,23.461858384862
2.23937032115026,23.3957219251336,23.4619637921909
2.24164944880291,23.3957219251336,23.4621080679588
2.24353453795124,23.3957219251336,23.4621673383083
2.2451167270712,23.3957219251336,23.4621744375414
2.24678860870981,23.3957219251336,23.462221130611
2.24885038855842,23.3957219251336,23.4623016155789
2.25119530583323,23.3957219251336,23.4624270598993
2.25287852911065,23.3957219251336,23.4624541314901
2.25456175238807,23.3957219251336,23.4624979656715
2.25660554821134,23.3957219251336,23.4625734985828
2.25891951873118,23.3957219251336,23.4626895891321
2.26102540586562,23.3957219251336,23.4628000291513
2.26273106664732,23.3957219251336,23.4628074794809
2.26431578605448,23.3957219251336,23.4628279787314
2.26616334969145,23.3957219251336,23.4628838435515
2.26840279010771,23.3957219251335,23.4629739374777
2.27068191776036,23.3957219251335,23.4631028632321
2.27256700690868,23.3957219251335,23.463149613839
2.27414919602865,23.3957219251335,23.4631463267314
2.27582107766725,23.3957219251335,23.463182163984
2.27788285751587,23.3957219251335,23.4632494282854
2.28022777479068,23.3982595230689,23.4633600573012
2.28191099806809,23.4170120105624,23.4633766371917
2.28359422134551,23.4357644980559,23.4634100976535
2.28563801716878,23.4585340593669,23.4634731913217
2.28795198768862,23.4843135883312,23.4635754028893
2.29005787482307,23.507130124777,23.4636733981664
2.29176353560477,23.507130124777,23.4636708971578
2.29334825501192,23.507130124777,23.4636822523186
2.2951958186489,23.507130124777,23.4637275785898
2.29743525906516,23.507130124777,23.4638050728331
2.29971438671781,23.507130124777,23.4639213687817
2.30159947586613,23.4714911794533,23.4639578182953
2.30318166498609,23.4362374111831,23.4639459854318
2.3048535466247,23.3989851465084,23.4639728906493
2.30691532647331,23.3530453103093,23.4640292771458
2.30926024374813,23.3007967079293,23.4641277163076
2.31094346702554,23.2843137254901,23.4641356637537
2.31262669030296,23.2843137254901,23.4641605888442
2.31467048612623,23.2843137254902,23.4642134476532
2.31698445664607,23.2843137254902,23.4643042397621
2.31909034378052,23.2843137254903,23.4643919956555
2.32079600456222,23.3020500125273,23.4643813068059
2.32238072396937,23.3373601597455,23.4643851383201
2.32422828760635,23.3785269074499,23.4644217936005
2.3264677280226,23.4284253124467,23.4644889209766
2.32874685567525,23.4792080141546,23.4645948252733
2.33063194482358,23.5071301247773,23.4646227991716
2.33221413394354,23.5071301247773,23.4646039349633
2.33388601558215,23.5071301247772,23.46462349101
2.33594779543076,23.5071301247772,23.4646709273799
2.33829271270557,23.5071301247771,23.464759336877
2.33997593598299,23.507130124777,23.4647601816518
2.3416591592604,23.4886457301647,23.4647780839419
2.34370295508368,23.4658761688537,23.4648225216322
2.34601692560351,23.4400966398894,23.4649039179483
2.34812281273796,23.4166353304593,23.4649832490003
2.34982847351967,23.3976328707701,23.4649658232938
2.35141319292682,23.3957219251335,23.4649634644424
2.35326075656379,23.3957219251335,23.4649929853361
2.35550019698005,23.3957219251335,23.465051582979
2.3577793246327,23.3957219251335,23.4651489371499
2.35966441378102,23.3957219251335,23.4651699374142
2.36124660290099,23.3957219251335,23.4651452879002
2.36291848453959,23.3957219251335,23.4651587971378
2.36498026438821,23.3957219251335,23.4651988694515
2.36732518166301,23.3957219251335,23.4652790266615
2.36900840494043,23.3957219251335,23.4652740274442
2.37069162821785,23.4419537578777,23.4652861514587
2.37273542404113,23.5785711257437,23.4653236603541
2.37504939456096,23.7332482995291,23.4653973259253
2.3771552816954,23.8740161561096,23.4654697251194
2.37886094247711,23.988030914245,23.4654467564084
2.38044566188427,24.0889963170824,23.4654393041988
2.38229322552124,24.1919131863435,23.4654629550052
2.3845326659375,24.3166591988354,23.4655145344865
2.38681179359014,24.4436159531048,23.465604853717
2.38869688273846,24.5486231471956,23.4656201161594
2.39027907185843,24.5870121385615,23.4655907065658
2.39195095349704,24.3821246828496,23.4655992405618
2.39401273334566,24.1294555837539,23.4656332538189
2.39635765062046,23.8420882706651,23.4657066211465
2.39804087389788,23.6358109082369,23.465696813563
2.39972409717529,23.4295335458087,23.4657041832821
2.40176789299857,23.1987641490011,23.4657359912487
2.4040818635184,22.9409688593581,23.4658032960561
2.40618775065285,22.7063557650569,23.4658699918013
2.40789341143455,22.5163311681647,23.4658424623731
2.40947813084171,22.3397804320736,23.4658308194097
2.41132569447868,22.3554865462721,23.4658496403791
2.41356513489493,22.4802325587639,23.4658954454017
2.41584426254758,22.6071893130337,23.4659799763682
2.41772935169591,22.7121965071247,23.4659905178
2.41931154081588,22.8003309278004,23.4659571916702
2.42098342245448,22.8934615894873,23.4659616320975
2.42304520230309,23.0083111799849,23.4659906600359
2.4253901195779,23.1389326859346,23.4660584407302
2.42707334285532,23.2326951234022,23.466044676881
2.42875656613274,23.3264575608698,23.4660481348232
2.43080036195601,23.3957219251336,23.4660752521344
2.43311433247585,23.3957219251336,23.4661373233821
2.43522021961029,23.3957219251336,23.4661993263982
2.436925880392,23.3957219251336,23.4661680444669
2.43851059979915,23.3957219251336,23.466152953402
2.44035816343613,23.3957219251336,23.4661678004397
2.44259760385238,23.3957219251336,23.4662088543074
2.44487673150503,23.3957219251336,23.4662886227601
2.44676182065335,23.3957219251336,23.4662952798013
2.44834400977332,23.3957219251336,23.4662587311927
2.45001589141192,23.3957219251336,23.466259803481
2.45207767126054,23.3957219251336,23.4662847295594
2.45442258853535,23.3957219251336,23.4663479136393
2.45610581181276,23.3957219251336,23.4663308946223
2.45778903509018,23.3957219251336,23.4663311340017
2.45983283091345,23.3957219251336,23.4663543918982
2.46214680143329,23.419639053401,23.4664121570362
2.46425268856773,23.4431003628312,23.4664702989315
2.46595834934944,23.4621028225204,23.4664359294858
2.46754306875659,23.4797578961295,23.4664180013646
2.46939063239357,23.5003412699817,23.4664295786993
2.47163007280982,23.5071301247771,23.466466723374
2.47390920046247,23.5071301247771,23.4665425732877
2.47579428961079,23.5071301247771,23.4665460342992
2.47737647873076,23.5071301247771,23.466506834274
2.47904836036936,23.5071301247771,23.4665051352983
2.48111014021798,23.4947622524734,23.4665266864156
2.48345505749278,23.4686379512835,23.4665860884566
2.4851382807702,23.44988546379,23.466566391127
2.48682150404762,23.4311329762964,23.4665639823116
2.4888652998709,23.4083634149854,23.4665840647282
2.49117927039073,23.3957219251336,23.4666382868511
2.49328515752517,23.3957219251336,23.4666932518627
2.49499081830688,23.3957219251336,23.4666563420476
2.49657553771404,23.3957219251336,23.4666360796306
2.49842310135101,23.3957219251336,23.4666449666931
2.50066254176727,23.3957219251336,23.466678894931
2.50294166941991,23.3957219251336,23.4667515207182
2.50482675856823,23.3957219251336,23.4667523520749
2.5064089476882,23.3957219251336,23.4667109704962
2.50808082932681,23.3957219251336,23.4667069913578
2.51014260917543,23.3957219251336,23.466725765598
2.51248752645023,23.3957219251336,23.466782055823
2.51417074972765,23.3957219251336,23.4667601548099
2.51585397300506,23.3957219251336,23.4667555670919
2.51789776882834,23.3957219251336,23.466773036762
2.52021173934818,23.3957219251336,23.4668243437348
2.52231762648263,23.3957219251336,23.4668766948449
2.52402328726433,23.3957219251336,23.4668376948443
2.52560800667148,23.3957219251336,23.4668155117969
2.52745557030845,23.3957219251336,23.466822185336
2.52969501072471,23.3957219251335,23.4668534671285
2.53197413837736,23.4177154453805,23.4669234401432
2.53385922752568,23.4387168841986,23.4669221078518
2.53544141664565,23.4563437683337,23.4668789313171
2.53711329828425,23.4749699006711,23.4668730760883
2.53917507813287,23.4979398187707,23.4668895655474
2.54151999540768,23.507130124777,23.4669432954078
2.54320321868509,23.507130124777,23.4669195812306
2.54488644196251,23.507130124777,23.4669132007379
2.54693023778578,23.507130124777,23.4669285206716
2.54924420830562,23.507130124777,23.466977429094
2.55135009544007,23.4920889545445,23.4670276295175
2.55305575622177,23.4730864948553,23.4669869097376
2.55464047562892,23.4554314212463,23.4669631464187
2.5564880392659,23.4348480473941,23.4669679986973
2.55872747968216,23.4098988448956,23.4669971030265
2.56100660733481,23.4069363562255,23.467064893372
2.56289169648313,23.4279377950437,23.467061780857
2.56447388560309,23.4455646791788,23.4670171274542
2.5661457672417,23.4641908115163,23.4670097286009
2.56820754709031,23.4871607296159,23.4670243381698
2.57055246436512,23.5071301247773,23.467075961393
2.57223568764254,23.5071301247773,23.4670507553662
2.57391891091996,23.5071301247773,23.4670428998
2.57596270674323,23.5071301247773,23.4670564509566
2.57827667726307,23.5071301247773,23.4671033858808
2.58038256439752,23.5028680436998,23.4671518167452
2.58208822517922,23.4838655840105,23.4671096819516
2.58367294458637,23.4662105104014,23.4670846184044
2.58552050822335,23.4456271365492,23.4670879721719
2.5877599486396,23.4206779340507,23.4671152849105
2.59003907629226,23.3957219251336,23.4671812793822
2.59192416544058,23.3957219251336,23.4671767021207
2.59350635456054,23.3957219251336,23.4671308335685
2.59517823619914,23.3957219251336,23.4671221646397
2.59724001604776,23.3957219251336,23.4671352274575
2.59958493332257,23.3957219251336,23.4671851173651
2.60126815659999,23.3957219251336,23.4671586838625
2.6029513798774,23.3957219251336,23.4671496146236
2.60499517570068,23.3957219251336,23.4671617104518
2.60730914622052,23.3957219251336,23.4672070216054
2.60941503335497,23.3957219251336,23.4672539964979
2.61112069413667,23.4082073767454,23.4672106974482
2.61270541354382,23.4258624503544,23.4671845640888
2.61455297718079,23.4464458242066,23.4671866848994
2.61679241759705,23.471395026705,23.4672125235389
2.61907154524971,23.496786377559,23.4672770403873
2.62095663439803,23.5071301247771,23.46727125795
2.62253882351799,23.5071301247771,23.4672243895877
2.62421070515659,23.5071301247771,23.4672146756559
2.62627248500521,23.5071301247771,23.4672264658257
2.62861740228002,23.5071301247771,23.467274929582
2.63030062555744,23.503780909565,23.4672474861272
2.63198384883485,23.4850284220715,23.4672374182931
2.63402764465813,23.4622588607605,23.4672483166945
2.63634161517797,23.4364793317961,23.4672922918293
2.63844750231242,23.413018022366,23.4673380687658
2.64015316309412,23.3957219251336,23.4672938117801
2.64173788250127,23.3957219251336,23.4672667981921
2.64358544613824,23.3957219251336,23.4672679045407
2.6458248865545,23.3957219251336,23.4672925303092
2.64810401420715,23.3957219251336,23.467355831387
2.64998910335547,23.3957219251336,23.4673490573456
2.65157129247544,23.3957219251336,23.4673013663516
2.65324317411404,23.3957219251336,23.467290792604
2.65530495396266,23.3957219251336,23.4673015356543
2.65764987123746,23.3957219251336,23.4673488259906
2.65933309451488,23.3957219251336,23.4673205515592
2.6610163177923,23.4070445386841,23.467309662093
2.66306011361557,23.4298140999951,23.4673195752662
2.66537408413541,23.4555936289594,23.4673624511408
2.66747997126985,23.4790549383895,23.4674072424135
2.66918563205156,23.4980573980787,23.4673621972497
2.67077035145871,23.507130124777,23.4673344594203
2.67261791509569,23.507130124777,23.4673347310818
2.67485735551194,23.507130124777,23.4673583589147
2.67713648316459,23.5071301247771,23.467420659671
2.67902157231292,23.5071301247771,23.4674130697497
2.68060376143288,23.5340357144777,23.4673647019042
2.68227564307149,23.6085402438272,23.4673534207106
2.6843374229201,23.7004199162254,23.4673633022036
2.68668234019491,23.8049171209853,23.4674096270641
2.68836556347233,23.8799270709593,23.4673806689152
2.69004878674975,23.9533064477466,23.46736910342
2.69209258257302,23.9760760090576,23.4673782059593
2.69440655309286,24.001855538022,23.4674201773759
2.69651244022731,24.0253168474521,23.4674641576563
2.69821810100901,24.0443193071413,23.467418463989
2.69980282041616,24.0619743807504,23.4673901302625
2.70165038405313,23.8803048069146,23.4673897151535
2.70388982446939,23.6308127819309,23.467412521897
2.70616895212204,23.3768992733915,23.4674739996009
2.70805404127036,23.1668848852095,23.4674657383836
2.70963623039033,22.9906160438582,23.4674168136329
2.71130811202893,22.9355156859522,23.4674049503612
2.71336989187755,22.9125457678527,23.4674141229752
2.71571480915235,22.8864214666628,23.4674596534539
2.71739803242977,22.8676689791693,23.4674301327505
2.7190812557072,22.8489164916757,23.4674180110268
2.72112505153047,22.9013509096741,23.4674264465863
2.7234390220503,23.0302485544953,23.4674676738257
2.72554490918474,23.1475551016458,23.4675109868315
2.72725056996645,23.242567400092,23.4674647595834
2.72883528937361,23.3308427681378,23.4674359355599
2.73068285301058,23.3957219251337,23.4674349553844
2.73292229342684,23.3957219251337,23.4674570865455
2.73520142107948,23.3957219251337,23.4675178870518
2.7370865102278,23.3957219251337,23.4675090735001
2.73866869934777,23.3957219251337,23.4674596905345
2.74034058098638,23.3995162765863,23.467447348336
2.742402360835,23.4224861946858,23.467455937693
2.7447472781098,23.4486104958757,23.4675008145639
2.74643050138722,23.4673629833692,23.4674708309974
2.74811372466464,23.4861154708627,23.4674582516156
2.75015752048791,23.5071301247772,23.4674661383922
2.75247149100774,23.5071301247772,23.4675067533316
2.75457737814219,23.5071301247772,23.4675495173118
2.7562830389239,23.5071301247772,23.4675028510399
2.75786775833105,23.5071301247772,23.4674736236059
2.75971532196802,23.5071301247772,23.4674721785006
2.76195476238428,23.4853524689809,23.4674937538006
2.76423389003693,23.4599611181269,23.4675539971169
2.76611897918525,23.4389596793087,23.4675447291112
2.76770116830522,23.4213327951736,23.4674949691319
2.76937304994382,23.4027066628362,23.4674822328782
2.77143482979244,23.3957219251337,23.4674903423383
2.77377974706725,23.3957219251337,23.4675346814286
2.77546297034467,23.3957219251337,23.467504317024
2.77714619362208,23.3957219251337,23.4674913610866
2.77918998944536,23.3957219251338,23.4674987963312
2.78150395996519,23.3957219251338,23.4675389074776
2.78360984709964,23.3957219251338,23.4675812197262
2.78531550788134,23.3957219251338,23.4675341922307
2.7869002272885,23.3957219251338,23.4675046328756
2.78874779092547,23.3957219251338,23.4675028052315
2.79098723134173,23.4067204917751,23.4675239231758
2.79326635899438,23.4321118426291,23.4675837080429
2.7951514481427,23.4531132814472,23.4675740661179
2.79673363726267,23.4707401655824,23.4675239959362
2.79840551890127,23.4893662979198,23.4675109354587
2.80046729874989,23.5071301247773,23.4675186500654
2.80281221602469,23.5071301247773,23.4675625466763
2.80449543930211,23.5071301247773,23.4675318689227
2.80617866257953,23.5071301247773,23.4675186031599
2.8082224584028,23.5071301247773,23.4675256668895
2.81053642892263,23.5011538667266,23.467565363521
2.81264231605708,23.4776925572965,23.4676073040904
2.81434797683879,23.4586900976073,23.4675599793845
2.81593269624594,23.4410350239982,23.4675301469285
2.81778025988292,23.420451650146,23.4675280045363
2.82001970029916,23.3959414026203,23.4675487461737
2.82229882795181,23.4213327534741,23.4676081538343
2.82418391710013,23.4423341922924,23.467598204253
2.82576610622011,23.4599610764276,23.4675478788406
2.82743798785871,23.478587208765,23.4675345515956
2.82949976770733,23.5015571268645,23.4675419413218
2.83184468498213,23.5071301247775,23.4675854738659
2.83352790825955,23.5071301247774,23.4675545382925
2.83521113153697,23.5071301247774,23.4675410176092
2.83725492736025,23.5071301247773,23.4675477756606
2.83956889788008,23.5071301247773,23.4675871312343
2.84167478501452,23.4884716464515,23.4676287659905
2.84338044579623,23.4694691867623,23.4675811967435
2.84496516520338,23.4518141131531,23.4675511395835
2.84681272884036,23.4312307393009,23.4675487382202
2.84905216925661,23.4062815368025,23.4675691702369
2.85133129690926,23.4105536643189,23.4676282675366
2.85321638605758,23.4315551031371,23.4676180648194
2.85479857517755,23.4491819872723,23.4675675294062
2.85647045681616,23.4678081196097,23.4675539826681
2.85853223666477,23.4907780377092,23.4675611050865
2.86087715393957,23.5071301247772,23.467604338081
2.862560377217,23.5071301247772,23.4675731903765
2.86424360049442,23.5071301247772,23.4675594599477
2.86628739631769,23.5071301247772,23.4675659664908
2.86860136683752,23.5071301247772,23.4676050414463
2.87070725397196,23.4992507356066,23.4676464245829
2.87241291475367,23.4802482759173,23.4675986541305
2.87399763416083,23.4625932023081,23.4675684120867
2.8758451977978,23.4420098284559,23.4675657976452
2.87808463821405,23.4170606259576,23.4675859749097
2.88036376586669,23.3997745751638,23.4676448168481
2.88224885501502,23.420776013982,23.4676344058538
2.88383104413499,23.4384028981172,23.4675836976546
2.8855029257736,23.4570290304546,23.4675699703202
2.88756470562221,23.4799989485541,23.4675768728009
2.88990962289701,23.506123249744,23.4676198593295
2.89159284617443,23.6136037995389,23.4675885370862
2.89327606945186,23.7261187245004,23.4675746340812
2.89531986527513,23.8627360923662,23.4675809336864
2.89763383579495,24.0174132661512,23.4676197777526
2.8997397229294,24.1581811227315,23.4676609538598
2.9014453837111,24.1594765629334,23.4676130178579
2.90303010311827,24.1418214893242,23.467582623694
2.90487766675524,24.121238115472,23.4675798339343
2.90711710717149,24.0962889129737,23.4675998015918
2.90939623482413,24.0708975621199,23.467658433422
2.91128132397245,23.9071461263709,23.4676478510598
2.91286351309243,23.7132504008838,23.4675970006943
2.91453539473104,23.5083629451717,23.4675831247675
2.91659717457965,23.2556938460765,23.4675898462862
2.91894209185445,22.9683265329885,23.4676326300256
2.92062531513187,22.8456474502217,23.4676011641739
2.92230853840929,22.8643999377152,23.4675871191753
2.92435233423256,22.8871694990262,23.4675932485144
2.9266663047524,22.9129490279905,23.4676319026076
2.92877219188684,22.9364103374206,23.4676729083735
2.93047785266855,22.9767074793089,23.4676248361595
2.9320625720757,23.0649828473545,23.4675943168331
2.93391013571268,23.1678997166156,23.4675913828236
2.93614957612893,23.2926457291076,23.467611178019
2.93842870378158,23.4196024833773,23.4676696369748
2.9403137929299,23.5036342142393,23.4676589136131
2.94189598204987,23.4860073301042,23.4676079462748
2.94356786368848,23.4673811977668,23.467593948088
2.94562964353709,23.4444112796673,23.4676005207133
2.9479745608119,23.4182869784773,23.4676431376003
2.94965778408932,23.3995344909838,23.4676115535892
2.95134100736673,23.4106618467776,23.46759739176
2.95338480319001,23.4334314080886,23.4676033810063
2.95569877370984,23.4592109370529,23.4676418787921
2.95780466084429,23.482672246483,23.4676827444032
2.959510321626,23.5016747061722,23.4676345601155
2.96109504103315,23.5071301247775,23.4676039378068
2.96294260467012,23.5071301247775,23.4676008851104
2.96518204508638,23.5071301247775,23.467620538406
2.96746117273902,23.5071301247775,23.4676788551228
2.96934626188735,23.5071301247775,23.4676680157484
2.97092845100732,23.4967864192592,23.4676169521664
2.97260033264592,23.4781602869218,23.4676028533855
2.97466211249454,23.4551903688223,23.4676093035031
2.97700702976934,23.4290660676324,23.4676517831059
2.97869025304676,23.4103135801389,23.4676201018748
2.98037347632418,23.3998827576227,23.4676058439189
2.98241727214746,23.4226523189337,23.4676117178984
2.98473124266729,23.4484318478979,23.4676500870763
2.98683712980173,23.471893157328,23.4676908373697
2.98854279058344,23.4908956170172,23.4676425608692
2.9901275099906,23.5071301247775,23.4676118538279
2.99197507362757,23.5071301247775,23.4676087034773
2.99421451404383,23.5071301247775,23.4676282400195
2.99649364169647,23.5071301247775,23.4676864397038
2.99837873084479,23.5071301247775,23.4676755048756
2.99996091996476,23.5071301247775,23.4676243621054
3.00163280160337,23.4889393760769,23.4676101805569
3.00369458145199,23.4659694579773,23.4676165298767
3.00603949872679,23.4398451567874,23.4676588965237
3.00772272200421,23.4210926692939,23.4676271353011
3.00940594528162,23.4023401818004,23.4676127982532
3.0114497411049,23.4118732297786,23.4676185773926
3.01376371162473,23.4376527587428,23.4676568407535
3.01586959875918,23.4611140681729,23.467697496165
3.01757525954088,23.4801165278622,23.4676491437929
3.01915997894804,23.4977716014713,23.4676183670346
3.02100754258501,23.5071301247775,23.4676151363353
3.02324698300127,23.5071301247775,23.4676345768142
3.02552611065391,23.5071301247775,23.4676926802055
3.02741119980223,23.5071301247775,23.4676816668391
3.0289933889222,23.5071301247775,23.4676304589138
3.03066527056081,23.4997184652319,23.4676162092651
3.03272705040943,23.4767485471323,23.4676224756496
3.03507196768424,23.4506242459424,23.467664749358
3.03675519096165,23.4318717584489,23.4676329223194
3.03843841423907,23.4131192709554,23.4676185201955
3.04048221006234,23.4010941406235,23.4676242213017
3.04279618058218,23.4268736695879,23.4676623975977
3.04490206771663,23.450334979018,23.4677029749414
3.04660772849833,23.4693374387072,23.467654560143
3.04819244790549,23.4869925123163,23.4676237260225
3.05004001154246,23.5071301247775,23.4676204292133
3.05227945195872,23.5071301247775,23.4676397906525
3.05455857961136,23.5071301247775,23.4676978148151
3.05644366875968,23.5071301247775,23.4676867368283
3.05802585787965,23.5071301247775,23.4676354752942
3.05969773951826,23.5071301247775,23.4676211696135
3.06175951936687,23.4875276362874,23.4676273677599
3.06410443664168,23.4614033350974,23.4676695649994
3.0657876599191,23.4426508476039,23.4676376838082
3.06747088319651,23.4238983601104,23.4676232281407
3.06951467901979,23.4011287987994,23.4676288650421
3.07182864953962,23.395721925134,23.467666969702
3.07393453667407,23.395721925134,23.4677074828125
3.07564019745578,23.395721925134,23.4676590166506
3.07722491686293,23.395721925134,23.467628135333
3.0790724804999,23.395721925134,23.4676247841294
3.08131192091616,23.395721925134,23.4676440805357
3.08359104856881,23.3957219251341,23.4677020395099
3.08547613771713,23.3957219251341,23.4676909083543
3.0870583268371,23.3957219251342,23.4676396027115
3.0887302084757,23.3957219251342,23.4676252509283
3.09079198832432,23.4045453244693,23.4676313929292
3.09313690559912,23.4306696256592,23.4676735272512
3.09482012887654,23.4494221131528,23.4676416015038
3.09650335215396,23.4681746006463,23.4676271017812
3.09854714797724,23.4909441619573,23.4676326858556
3.10086111849707,23.5071301247777,23.4676707315743
3.10296700563151,23.5071301247777,23.4677111918345
3.10467266641322,23.5071301247776,23.4676626834112
3.10625738582038,23.5071301247776,23.4676317632606
3.10810494945735,23.5071301247775,23.4676283673019
3.1103443898736,23.5032933391981,23.4676476101998
3.11262351752625,23.4779019883442,23.4677055155378
3.11450860667457,23.456900549526,23.4676943406356
3.11609079579454,23.4392736653909,23.4676429987006
3.11776267743315,23.4206475330534,23.4676286089849
3.11982445728176,23.3976776149539,23.46763470479
3.12216937455657,23.4198905365039,23.4676767873441
3.12385259783399,23.4386430239975,23.4676448249364
3.12553582111141,23.457395511491,23.4676302889658
3.12757961693468,23.480165072802,23.4676358295748
3.12989358745452,23.5059446017663,23.4676738267974
3.13199947458896,23.5071301247774,23.467714243573
3.13370513537067,23.5071301247774,23.4676657003776
3.13528985477782,23.5071301247775,23.4676347482756
3.1371374184148,23.5071301247775,23.467631315493
3.13937685883105,23.5071301247775,23.4676505143649
3.14165598648371,23.4886810774991,23.4677083755716
3.14354107563203,23.4676796386809,23.4676971646752
3.14512326475199,23.4500527545458,23.4676457928795
3.1467951463906,23.4314266222084,23.4676313719533
3.14885692623921,23.4084567041089,23.467637429749
3.15120184351402,23.409111447349,23.4676794697092
3.15288506679144,23.4278639348425,23.4676474771379
3.15456829006885,23.446616422336,23.4676329113429
3.15661208589213,23.469385983647,23.4676384161891
3.15892605641197,23.4951655126113,23.4676763735097
3.16103194354642,23.5071301247775,23.4677167545066
3.16273760432812,23.5071301247775,23.4676681827012
3.16432232373527,23.5071301247775,23.4676372043099
3.16616988737224,23.5071301247775,23.467633741229
3.1684093277885,23.5071301247775,23.4676529038769
3.17068845544115,23.5378099572709,23.4677107287729
3.17257354458947,23.6218157125437,23.4676994882609
3.17415573370944,23.6923232490841,23.4676480918962
3.17582761534804,23.7668277784335,23.4676336452904
3.17788939519666,23.8587074508316,23.4676396718125
3.18023431247147,23.9684255217114,23.4676816767268
3.18191753574888,24.0809404466725,23.4676496593373
3.1836007590263,24.1934553716335,23.4676350690031
3.18564455484958,24.3300727394996,23.4676405444241
3.18795852536941,24.4847499132852,23.4676784689138
3.19006441250386,24.6183416887767,23.4677188204726
3.19177007328556,24.5423318500198,23.4676702251271
3.19335479269272,24.4717115555833,23.4676392251054
3.19520235632969,24.3893780601744,23.4676357370953
3.19744179674594,24.289581250181,23.4676548699385
3.19972092439859,24.1880158467653,23.4677126649586
3.20160601354691,23.9787639369874,23.4677014000791
3.20318820266688,23.7848682115008,23.4676499834994
3.20486008430549,23.5799807557894,23.4676355157648
3.2069218641541,23.3273116566942,23.4676415165552
3.20926678142891,23.039944343605,23.4676834926343
3.21095000470633,22.8865861381689,23.4676514548246
3.21263322798375,22.7740712132079,23.4676368442999
3.21467702380702,22.6374538453419,23.4676422955103
3.21699099432685,22.4827766715562,23.467680192987
3.2190968814613,22.3420088149755,23.4677205203244
3.22080254224301,22.3263448219144,23.4676719056105
3.22238726165016,22.4146201899599,23.4676408877914
3.22423482528713,22.5175370592209,23.4676373792701
3.22647426570339,22.6422830717127,23.4676564875903
3.22875339335603,22.7692398259822,23.4677142580288
3.23063848250435,22.8742470200731,23.4677029731002
3.23222067162432,22.9623814407489,23.4676515398877
3.23389255326293,23.055512102436,23.4676370547685
3.23595433311155,23.1703616929337,23.4676430343873
3.23829925038635,23.3009831988832,23.4676849867411
3.23998247366377,23.3947456363508,23.4676529321299
3.24166569694119,23.4142791548707,23.4676383049927
3.24370949276446,23.4370487161816,23.4676437362828
3.24602346328429,23.4628282451459,23.4676816115336
3.24812935041874,23.486289554576,23.467721918942
3.24983501120044,23.5052920142652,23.4676732882919
3.2514197306076,23.5071301247772,23.4676422558295
3.25326729424457,23.5071301247772,23.4676387304317
3.25550673466083,23.5071301247772,23.4676578185747
3.25778586231348,23.5071301247772,23.4677155687877
3.2596709514618,23.5071301247772,23.4677042673629
3.26125314058176,23.4931691111658,23.4676528204652
3.26292502222037,23.4745429788284,23.4676383210422
3.26498680206899,23.4515730607288,23.4676442832412
3.2673317193438,23.4254487595389,23.4676862160741
3.26901494262121,23.4066962720454,23.4676541476389
3.27069816589863,23.4035000657156,23.4676395068331
3.2727419617219,23.4262696270266,23.467644921733
3.27505593224174,23.4520491559909,23.4676827786967
3.27716181937619,23.4755104654211,23.4677230697076
3.2788674801579,23.4945129251103,23.4676744259455
3.28045219956505,23.5071301247772,23.4676433814347
3.28229976320202,23.5071301247772,23.4676398421511
3.28453920361827,23.5071301247772,23.4676589136926
3.28681833127092,23.5071301247772,23.4677166472644
3.28870342041925,23.5071301247772,23.4677053322666
3.29028560953921,23.5039482003207,23.4676538741089
3.29195749117782,23.4853220679834,23.4676393629169
3.29401927102644,23.4623521498838,23.4676453107832
3.29636418830125,23.4362278486938,23.4676872275545
3.29804741157866,23.4174753612003,23.4676551477451
3.29973063485608,23.3987228737069,23.4676404956929
3.30177443067935,23.4154905378716,23.4676458971072
3.30408840119919,23.4412700668359,23.4676837390244
3.30619428833364,23.4647313762661,23.4677240165437
3.30789994911534,23.4837338359553,23.4676753619932
3.3094846685225,23.5013889095644,23.4676443075691
3.31133223215947,23.5219722834166,23.4676407568605
3.31357167257572,23.546921485915,23.4676598147424
3.31585080022838,23.5723128367689,23.467717534622
3.3177358893767,23.5933142755871,23.4677062084566
3.31931807849666,23.6109411597222,23.4676547410343
3.32098996013527,23.6075093567818,23.4676402201589
3.32305173998388,23.5845394386823,23.4676461562323
3.32539665725869,23.5584151374923,23.4676880597883
3.32707988053611,23.5396626499988,23.4676559706203
3.32876310381353,23.5209101625053,23.4676413093148
3.3308068996368,23.4981406011943,23.4676466996333
3.33312087015664,23.4723610722301,23.4676845291705
3.33522675729109,23.4488997628,23.4677247955891
3.33693241807279,23.4298973031109,23.4676761321619
3.33851713747994,23.4122422295018,23.4676450695813
3.34036470111691,23.3997849946183,23.4676415094723
3.34260414153317,23.4247341971167,23.4676605561153
3.34488326918582,23.4501255479707,23.4677182647291
3.34676835833415,23.4711269867889,23.4677069293751
3.34835054745411,23.488753870924,23.46765545433
3.35002242909271,23.5073800032614,23.4676409254872
3.35208420894133,23.5303499213608,23.4676468518576
3.35442912621614,23.5564742225507,23.4676887445403
3.35611234949355,23.5752267100442,23.4676566476722
3.35779557277097,23.5939791975377,23.4676419787531
3.35983936859425,23.6167487588486,23.4676473599421
3.36215333911408,23.5945483610286,23.4676851792931
3.36425922624852,23.5710870515985,23.4677254365782
3.36596488703023,23.5520845919093,23.4676767658475
3.36754960643739,23.5344295183001,23.4676456965558
3.36939717007436,23.5138461444479,23.4676421287122
3.37163661049061,23.4888969419495,23.4676611661079
3.37391573814326,23.4635055910956,23.4677188654524
3.37580082729158,23.4425041522774,23.4677075225382
3.37738301641155,23.4248772681423,23.4676560412211
3.37905489805016,23.4062511358049,23.4676415058229
3.38111667789877,23.4081626325622,23.4676474242098
3.38346159517358,23.434286933752,23.467689307946
3.385144818451,23.4530394212456,23.4676572047422
3.38682804172842,23.4717919087391,23.4676425295588
3.38887183755169,23.4945614700501,23.4676479032362
3.39118580807152,23.5071301247772,23.4676857142061
3.39329169520597,23.5071301247772,23.4677259639763
3.39499735598767,23.5071301247772,23.4676772872363
3.39658207539483,23.5071301247772,23.4676462124228
3.3984296390318,23.5071301247772,23.4676426382153
3.40066907944806,23.4996760311046,23.4676616680025
3.40294820710071,23.4742846802506,23.4677193597203
3.40483329624903,23.4532832414325,23.4677080105856
3.406415485369,23.4356563572973,23.467656524108
3.4080873670076,23.4170302249599,23.467641983316
3.41014914685622,23.3973835434071,23.4676478951342
3.41249406413103,23.423507844597,23.4676897715094
3.41417728740844,23.4422603320905,23.4676576630928
3.41586051068586,23.461012819584,23.4676429827551
3.41790430650914,23.483782380895,23.467648350252
3.42021827702897,23.5095619098593,23.4676861543261
3.42232416416342,23.5330232192894,23.467726397913
3.42402982494512,23.5520256789787,23.4676777162287
3.42561454435228,23.5696807525878,23.4676466368719
3.42746210798925,23.59026412644,23.4676430574284
3.4297015484055,23.6152133289384,23.4676620809554
3.43198067605815,23.6185383244207,23.4677197663979
3.43386576520647,23.6185383244207,23.4677084121451
3.43544795432644,23.6185383244207,23.4676569214215
3.43711983596505,23.6185383244207,23.4676423761916
3.43918161581366,23.6185383244207,23.4676482826051
3.44152653308847,23.6015314941125,23.4676901529237
3.44320975636589,23.5827790066189,23.4676580402181
3.44489297964331,23.5640265191254,23.4676433556396
3.44693677546658,23.5412569578144,23.4676487180512
3.44925074598642,23.5154774288501,23.4676865164516
3.45135663312087,23.49201611942,23.467726754951
3.45306229390257,23.4730136597308,23.4676780691985
3.45464701330972,23.4553585861217,23.4676469861036
3.4564945769467,23.4347752122695,23.4676434023518
3.45873401736295,23.4098260097711,23.467662420728
3.46101314501561,23.4070091913504,23.4677201010074
3.46289823416393,23.4280106301686,23.4677087425435
3.46448042328389,23.4456375143037,23.4676572483263
3.4661523049225,23.4642636466411,23.467642699445
3.46821408477111,23.4872335647406,23.4676486014115
3.47055900204592,23.5444965716971,23.4676904667469
3.47224222532334,23.657011496658,23.4676583505122
3.47392544860075,23.7695264216189,23.4676436624444
3.47596924442403,23.906143789485,23.467649020672
3.47828321494387,24.0608209632709,23.467686814404
3.48038910207831,24.1972539036493,23.4677270487175
3.48209476286001,24.2922662020953,23.4676783596178
3.48367948226716,24.3805415701407,23.4676472734472
3.48552704590414,24.4834584394019,23.4676436861506
3.4877664863204,24.608204451894,23.4676627002888
3.49004561397305,24.7300794355477,23.4677203763201
3.49193070312137,24.6250722414569,23.4677090143912
3.49351289224133,24.5369378207814,23.4676575172996
3.49518477387994,24.4438071590945,23.4676429654139
3.49724655372856,24.3289575685967,23.4676488637216
3.49959147100337,24.1983360626468,23.4676907249568
3.50127469428078,24.0193667882287,23.4676586058185
3.5029579175582,23.8130894258005,23.4676439148798
3.50500171338147,23.5626242513793,23.4676492696647
3.50731568390132,23.2790494327712,23.4676870595557
3.50942157103577,23.0209750290397,23.4677272904251
3.51112723181746,22.8747394061412,23.4676785985713
3.51271195122461,22.7688089644869,23.46764750987
3.51455951486159,22.6453087213737,23.4676439196569
3.51679895527785,22.495613506383,23.467662930308
3.5190780829305,22.343265401259,23.467720602844
3.52096317207882,22.3352925623232,23.4677092380643
3.52254536119879,22.4234269829986,23.4676577386076
3.52421724283739,22.5165576446854,23.4676431842499
3.52627902268601,22.6314072351833,23.4676490795472
3.52862393996082,22.7620287411332,23.4676909374088
3.53030716323823,22.8557911786006,23.4676588158814
3.53199038651565,22.9495536160681,23.4676441225805
3.53403418233892,23.0634014226231,23.467649474533
3.53634815285876,23.1922990674447,23.4676872612635
3.53845403999321,23.3096056145954,23.4677274892991
3.54015970077491,23.3975011227155,23.4676787951794
3.54174442018207,23.4151561963246,23.4676477043958
3.54359198381904,23.4357395701767,23.467644111783
3.54583142423529,23.4606887726751,23.4676631195651
3.54811055188794,23.4860801235291,23.4677207892251
3.54999564103627,23.5070815623473,23.4677094220998
3.55157783015623,23.5071301247775,23.4676579206972
3.55324971179484,23.5071301247775,23.4676433643056
3.55531149164345,23.5071301247775,23.4676492571258
3.55765640891826,23.5071301247775,23.4676911122117
3.55933963219568,23.5071301247775,23.4676589887187
3.56102285547309,23.4957346761022,23.4676442934741
3.56306665129637,23.4729651147912,23.467649643096
3.5653806218162,23.4471855858269,23.4676874272263
3.56748650895065,23.4237242763968,23.4677276529303
3.56919216973236,23.4047218167075,23.4676789569461
3.57077688913951,23.4043771071695,23.4676478644494
3.57262445277648,23.4249604810217,23.4676442698621
3.57486389319274,23.4499096835201,23.4676632752835
3.57714302084539,23.475301034374,23.4677209425773
3.57902810999371,23.4963024731922,23.467709573522
3.58061029911368,23.5071301247775,23.4676580705183
3.58228218075228,23.5071301247775,23.4676435124532
3.5843439606009,23.5071301247776,23.4676494032354
3.58668887787571,23.5071301247776,23.4676912560374
3.58837210115313,23.5071301247777,23.4676591309271
3.59005532443054,23.5065137652574,23.4676444340834
3.59209912025382,23.4837442039464,23.4676497817877
3.59441309077365,23.4579646749821,23.4676875637785
3.5965189779081,23.434503365552,23.4677277875641
3.5982246386898,23.4155009058628,23.4676790900458
3.59980935809696,23.3978458322537,23.4676479961395
3.60165692173393,23.4141813918669,23.4676443999276
3.60389636215019,23.4391305943653,23.4676634034068
3.60617548980283,23.4645219452191,23.4677210687536
3.60806057895115,23.4855233840372,23.4677096981103
3.60964276807112,23.5031502681723,23.4676581937892
3.61131464970973,23.5071301247774,23.4676436343472
3.61337642955835,23.5071301247774,23.4676495234526
3.61572134683315,23.5071301247774,23.4676913743755
3.61740457011057,23.5071301247774,23.4676592479344
3.61908779338799,23.5071301247774,23.467644549775
3.62113158921126,23.4945232931012,23.4676498959016
3.6234455597311,23.4687437641369,23.467687676132
3.62555144686554,23.4452824547068,23.4677278983391
3.62725710764725,23.4262799950175,23.4676791995586
3.6288418270544,23.4086249214084,23.4676481044925
3.63068939069138,23.4034023027117,23.467644506944
3.63292883110763,23.42835150521,23.4676635088251
3.63520795876027,23.4537428560639,23.4677211725699
3.6370930479086,23.4747442948821,23.4677098006201
3.63867523702857,23.4923711790173,23.4676582952151
3.64034711866717,23.5071301247775,23.4676437346402
3.64240889851579,23.5071301247775,23.4676496223659
3.64475381579059,23.5071301247775,23.4676914717426
3.64643703906801,23.5071301247775,23.4676593442067
3.64812026234543,23.5071301247775,23.4676446449646
3.65,23.5071301247775,23.4676508875272
3.65000000000003,23.5071301247765,23.4676508875272
3.65040311055618,23.4936571783811,23.4499826102903
3.65080622111233,23.4801842319857,23.4095061133866
3.651335593302,23.4624913112081,23.3401269612236
3.65193409561691,23.442487891592,23.2524208151536
3.6526457399111,23.4187029887113,23.1438549728448
3.65350776664589,23.389891934741,23.0109602338592
3.65458828789729,23.3537782565527,22.8447046510538
3.655999726678,23.3066045005128,22.6291278658535
3.6579225010162,23.242340652311,22.338678115626
3.66040814429486,23.1501702153046,21.9686849010394
3.66215202546105,23.0530288847458,21.7128123516545
3.66389590662724,22.9558875541869,21.4599116516223
3.66596790504272,22.8404687476207,21.1632328633095
3.6682322556158,22.7143351372665,20.8436718364782
3.67027126973499,22.6007536912328,20.5600512257499
3.6719716947074,22.5060330488302,20.3265423155842
3.67360792802421,22.4148881448194,20.1043366964207
3.67551171840709,22.3088392152916,19.8488255755407
3.67774859840625,22.1842358285293,19.5527327644275
3.67995652324317,22.0612453630143,19.2647773496517
3.68179578830458,21.9787973126304,19.028202603796
3.68340000816498,21.9073080140388,18.824256833583
3.68513475261251,21.8300021117423,18.6061438423117
3.68723850622567,21.736251950728,18.3450012670904
3.68954284578944,21.6335630218614,18.0631298611292
3.69157757618205,21.5253132697167,17.8178521673879
3.69324317989586,21.4325323141794,17.6196231602904
3.69485469832797,21.3427641305722,17.4299068391858
3.69676952841595,21.2361002442095,17.2071089831407
3.6990459344848,21.1092950933159,16.9459171982226
3.70127213412851,20.9994592634354,16.6942888104458
3.70308902833423,20.9184924984747,16.491768416711
3.70466283366226,20.8483585712009,16.3183513323763
3.70639076241592,20.7713563985777,16.1300134501975
3.70851934562512,20.6764997493265,15.9009692365381
3.71085466284663,20.5724303544284,15.6533808730856
3.71288573888458,20.4819189445378,15.4411994526009
3.71452499450568,20.4088683375366,15.2721282289707
3.71611797337529,20.3378799743636,15.1095737896134
3.71804057629192,20.2522024825351,14.9156563600594
3.72034604684137,20.1417526621193,14.6863736932743
3.72258582508217,19.9920348652743,14.4669636423672
3.72438682942307,19.8716468745723,14.2929983038209
3.72593886462337,19.7679012061032,14.1447791428243
3.72766145297165,19.6527549261377,13.9820303202142
3.72980664002413,19.5093600696884,13.7819478850373
3.73216373537183,19.4000117926997,13.5653584755316
3.73378544623437,19.3277430376844,13.4184033608739
3.73540715709691,19.2554742826691,13.2730126705675
3.73745054595286,19.1644141732238,13.092032456704
3.73984024115311,19.0579215172412,12.8834706721009
3.7415233031636,18.9829187538505,12.738638646623
3.74320636517409,18.9079159904599,12.5954184139034
3.7452593996282,18.8164260415243,12.4228708036263
3.74758218553936,18.7129150829167,12.2304671567493
3.74968441726166,18.6192327423504,12.0588970976504
3.75138064671218,18.5282616581899,11.9223009979642
3.75296092441801,18.4402337111183,11.7964194547312
3.75481351613185,18.3370367573614,11.6505052008361
3.75706293731687,18.2117347751299,11.4757361587874
3.75934401504238,18.0846693938069,11.3011447711782
3.76122135813299,17.9937006179595,11.1595103052957
3.762796671934,17.923499468182,11.0420736634266
3.7644694523891,17.8489548846215,10.9186838381438
3.76653910180633,17.7567245184347,10.7679028767729
3.7688902548933,17.6519494254323,10.5991017823292
3.77056598628906,17.5961899923236,10.4804736387282
3.77224171768482,17.5775209705348,10.3631553985958
3.7742867323491,17.5547378303356,10.2217382235686
3.77661115017291,17.5288419098386,10.0633087550837
3.77872339749973,17.5053097426503,9.92146276363336
3.78042496341031,17.486352903183,9.80873512066542
3.78200135508866,17.4687906073013,9.70542944642018
3.78384474458668,17.4482537367796,9.58597302336023
3.78608908734933,17.4232499181227,9.44249336422898
3.78837752854201,17.3977548067959,9.2983648692132
3.79026440349286,17.35611377069,9.18124249451413
3.7918408631108,17.2156093484135,9.08456429559232
3.7935059671591,17.0672043530216,8.98351511502801
3.79556644100838,16.8835614074526,8.86000327656114
3.797918606691,16.6739209722818,8.72104495002937
3.79960059217777,16.5240113923561,8.62307875748705
3.80128257766453,16.3883907792812,8.52619620955757
3.80332786104791,16.2288878416292,8.40983020394659
3.80564475775877,16.0482029377079,8.27989597393861
3.80775116646879,15.88393309624,8.16350225035253
3.80945484054183,15.7510708133601,8.07064168027461
3.81103758269899,15.6391990174476,7.9853057442041
3.81288517485976,15.515696867663,7.88679874140089
3.81512682117846,15.365854199301,7.76888900067123
3.81740774134443,15.2133862737683,7.65068335141733
3.81929202659536,15.0874313773156,7.55444894908126
3.82087230809696,14.9623611321783,7.4747168867741
3.8225432104001,14.8134393582803,7.39128864206295
3.82460589615204,14.6295992734367,7.28955833240623
3.82695288692461,14.4204200601951,7.1754725824297
3.82863483830526,14.2705135200309,7.09487559687523
3.8303167896859,14.1417827610097,7.0151670109281
3.83236100701641,14.0962342465152,6.9194722364392
3.83467695088205,14.0446312192061,6.81260143545303
3.83678383023196,13.997686492158,6.71680547506271
3.83848857612177,13.9597019580715,6.64036169008017
3.84007177712341,13.9260249554371,6.57013421129483
3.84191875155754,13.9260249554371,6.48911237840359
3.84415926760581,13.9260249554371,6.39214362898126
3.84644002616332,13.9260249554371,6.29488213454061
3.84832523154802,13.9260249554371,6.21566490965936
3.84990627677394,13.9260249554371,6.15004023461422
3.85157702433077,13.8733169229916,6.08140611839954
3.8536387779828,13.8044080442474,5.99774095575541
3.85598508922329,13.7259885509152,5.90389248319678
3.85766791271083,13.6697444503959,5.8375495013104
3.85935073619837,13.6135003498765,5.7719352638905
3.86139481768049,13.5296427058606,5.69320378286263
3.86370955135669,13.4264905812531,5.60531151854114
3.86581568731235,13.3326342552431,5.52651249325333
3.8675209044339,13.2566441874378,5.46360638194267
3.8691050752159,13.1860483415376,5.40579421896972
3.87095253943764,13.1037192763976,5.33911386027804
3.87319248367888,13.0039000143105,5.25934668638348
3.87547215366363,12.9023104427976,5.17934931717231
3.87735714842078,12.818308893905,5.11417947536755
3.87893886403051,12.7478224585337,5.06017028195502
3.880610406555,12.6733330412212,5.00367482968298
3.88267231170305,12.5814477850691,4.93483048552658
3.88501777048281,12.4769264490727,4.85763408053866
3.8867007412535,12.4019277516268,4.80304888919165
3.88838371202419,12.3269290541808,4.74906032406589
3.89042761847909,12.2406098993177,4.68428579820838
3.89274200586894,12.1632573796034,4.61197332834823
3.89484807891893,12.0928672375584,4.54713325344784
3.89655353055691,12.0358668485883,4.49537633709163
3.89813793582305,11.9829121271266,4.44780773464549
3.89998539760015,11.9211654099775,4.39294479731278
3.90222508108206,11.8463096786301,4.32731772466461
3.90450453797457,11.7701246220622,4.26149283309147
3.90638962701311,11.7071203092769,4.20787116915491
3.90797156860337,11.6542479299231,4.16343584322591
3.90964322794607,11.5983769625872,4.11695149086298
3.91170502643407,11.5104711927777,4.06030919890481
3.91405023921655,11.405960819227,3.99679224379418
3.91573336036662,11.3309554203824,3.95188188946997
3.9174164815167,11.2559500215377,3.90745944841094
3.91946033785751,11.1648690794338,3.85416420890896
3.92177449169582,11.0617427943042,3.79466575624836
3.92388044752963,10.9678944951148,3.74131198182764
3.92558600764996,10.8918891421587,3.69873289056126
3.92717059266552,10.8212748366526,3.65959510033948
3.92901812394382,10.7389427832524,3.61445354379214
3.93125767970909,10.6531524161403,3.5604561638345
3.93353694356162,10.5769738114435,3.50629064268926
3.93542201918772,10.5139699469347,3.46217369410681
3.9370040964845,10.4610930319355,3.42561880618163
3.93867589002402,10.4052175794113,3.38737157986678
3.94073769114775,10.336307114046,3.34076594273383
3.94308273853976,10.2579298616394,3.28850127375104
3.94476590747267,10.201674215486,3.25155422983287
3.94644907640558,10.1454185693325,3.21500557356772
3.94849289884445,10.0771089958407,3.17115470729526
3.95080696169846,9.99077710791206,3.12219534985491
3.95291288769171,9.89693013851574,3.07829000770882
3.9546185006002,9.82092243314653,3.04326397761067
3.95620315108686,9.75030521003332,3.01106606497214
3.9580506943753,9.66797262142201,2.97392455788663
3.96029019015141,9.57140630064399,2.92949401154204
3.96256938921345,9.4952298614046,2.884918335512
3.96445447593353,9.43222562610782,2.84862123725074
3.96603660968008,9.37934682441813,2.81855236575507
3.96770844378969,9.32347001594188,2.78708483959591
3.96977023010973,9.25456004535229,2.74873753664917
3.97211521289457,9.17618495227605,2.70572858147753
3.97379841185237,9.11992830261708,2.67533415174348
3.97548161081017,9.06367165295811,2.64526443698434
3.97752542004497,8.99536252077886,2.60918377452652
3.97983943328533,8.918022506061,2.56889478585613
3.98194533719129,8.84763801722529,2.53276325597186
3.98365097502003,8.79063140530219,2.50395246231301
3.98523566288708,8.73766723862269,2.47746529612196
3.98708321825905,8.67591739330308,2.44690616075492
3.98932268506964,8.60106890364415,2.41034636019566
3.99160184496683,8.52489377339055,2.37366045121971
3.99348693174635,8.46188953610708,2.3437976487861
3.99506909497327,8.40900974911097,2.31906600606907
3.9967409555152,8.35313205720171,2.29317708128613
3.998802739566,8.28422216245577,2.26162438411543
4.00114768716367,8.1930620693554,2.22623025746704
4.00283089831839,8.11805265960836,2.20122760095443
4.00451410947312,8.04304324986132,2.17648903255884
4.00655791150132,7.95196472810563,2.14680146262535
4.00887190286796,7.84884568324649,2.11364579226425
4.01097779856048,7.76589354187391,2.08391019627633
4.01268344839008,7.70888652885239,2.06021348358719
4.01426815229829,7.65592182603769,2.0384254542773
4.01611571154625,7.59417185117295,2.01328235599793
4.01835516460158,7.51932382124867,1.98319821560336
4.02063430823553,7.45021594840643,1.95300349298267
4.02251939661306,7.40821308794451,1.92843473347578
4.02410157318138,7.37295959934556,1.90809479096392
4.02577344424809,7.33570757022986,1.88679614490025
4.02783522577417,7.28976769665406,1.86083395905959
4.03018015784325,7.23751876463364,1.83170487911174
4.03186337547348,7.20001391547518,1.81113860999075
4.03354659310371,7.16250906631672,1.79078654322607
4.03559039195529,7.11696987621924,1.76635906286993
4.03790437231491,7.06541059904416,1.73907241506799
4.04001026337924,7.01837355015926,1.71459925353933
4.04171591891863,6.96136634630284,1.69511044821029
4.04330063104177,6.90840136892494,1.67718893906955
4.04514819271143,6.84665131312107,1.65650211414053
4.04738763916417,6.77180350387159,1.63174595484658
4.04966677428792,6.69562920160719,1.60689197806771
4.05155186295945,6.61533587524748,1.58667911174272
4.05313404613026,6.54482860382138,1.56995270973736
4.05480592286,6.47032429322651,1.55243096320653
4.05686770360995,6.37844458066209,1.53106855699625
4.05921262786882,6.27394706466962,1.50709416742775
4.06089584840181,6.20891772275631,1.49017815435745
4.06257906893479,6.15266035200142,1.47343529679035
4.0646228661874,6.08435162029663,1.45333573110785
4.06693684144966,6.00701287490008,1.43087796296542
4.06904273051142,5.93662888219425,1.41073463391548
4.07074838878861,5.87962158683367,1.39470808451394
4.07233310467553,5.82665648366111,1.3799679593651
4.07418066733268,5.76490639485256,1.3629477194943
4.07642011063689,5.69005869083498,1.34257531348031
4.07869924191227,5.61388451719267,1.32211557896325
4.08058433086504,5.55088020727387,1.3054866899855
4.08216651712516,5.49799965045154,1.2917335091086
4.08383839637324,5.44212133333684,1.27731938721706
4.08590017662308,5.37321156562824,1.25974161962389
4.08824509726371,5.29483854956442,1.24000839706505
4.08992831924228,5.23858113049448,1.22609578785396
4.09161154122086,5.20027760203121,1.21232256078358
4.09365533773305,5.15473846405886,1.19578394084902
4.09596931050895,5.10317935586145,1.17729928664466
4.09807519855039,5.05625671679193,1.16071848020563
4.09978085813409,5.01825182410711,1.14754064926371
4.10136557586944,4.98294171413929,1.13541814932
4.10321313904969,4.94177497661146,1.12141473618107
4.10545258084618,4.89187654086085,1.10464921176958
4.10773171021573,4.84109380089744,1.08780498600862
4.10961679926085,4.79909092556057,1.07412495231638
4.11119898701811,4.76383718765378,1.06281811832029
4.1128708675268,4.72658494815536,1.05096092510607
4.11493264757615,4.68064510748342,1.03649710935205
4.11727756645225,4.62839646942417,1.02025344936413
4.11896078910467,4.59089150836313,1.00881201201713
4.12064401175709,4.5462117282615,0.99748216826121
4.12268780790809,4.4779030333749,0.983873447739078
4.12500177951002,4.40056441031595,0.968657811440861
4.12710766708246,4.33018046738671,0.955008200519628
4.12881332729153,4.27317310745798,0.944174267092811
4.13039804589597,4.22020791345932,0.93420552627248
4.13224560931105,4.1584577993188,0.92268432413457
4.13448505038741,4.08361016976158,0.908886491395456
4.13676417886551,4.00743608961117,0.895017053810468
4.13864926796739,3.94443177470887,0.883763303061568
4.14023145643441,3.89155114412655,0.874469300435661
4.14190333752886,3.83567276530122,0.864715922760829
4.1439651174708,3.76676300788352,0.85281422810718
4.14631003551363,3.68839007864459,0.839441730524003
4.1479932584934,3.63213262611211,0.830033546340387
4.14967648147317,3.57587517357963,0.820714091573014
4.15172027745364,3.52673178579245,0.809516055391385
4.15403424848985,3.47517271635815,0.796990122861376
4.15614013583243,3.42825009286049,0.78575226238435
4.15784579634028,3.39024517958393,0.776846862064533
4.15943051536463,3.35493504089516,0.768650211570149
4.16127807889656,3.32800714241811,0.759171343508812
4.16351751962839,3.30305793640398,0.747815288928106
4.16579664767437,3.27766658116808,0.736393467839436
4.16768173679961,3.25666514260702,0.727136033676768
4.16926392560779,3.23903826194551,0.719498167004107
4.17093580698738,3.19956081815825,0.711475785402995
4.17299758688142,3.13065106234146,0.701682172642198
4.17534250452274,3.05227814652183,0.690672029935585
4.17702572765748,2.9960206888101,0.682936783054388
4.17870895079221,2.93976323109836,0.675271453181894
4.1807527466905,2.8714545446581,0.666056898397556
4.18306671745756,2.79411594950253,0.655744019785771
4.18517260469191,2.72373201787296,0.64649051770007
4.18687826534268,2.66672464318144,0.639171892148028
4.18846298456649,2.61375942848203,0.632433297525565
4.19031054815292,2.55546906967664,0.62463483765164
4.19254998872009,2.5055706613172,0.615287847598904
4.19482911656123,2.45478795540953,0.605879894482633
4.19671420569877,2.41278507801329,0.59826500559955
4.19829639466952,2.37753131306783,0.591989788643137
4.19996827618392,2.34027905116051,0.585391650557937
4.20203005605402,2.2943392144827,0.577332541994325
4.20437497350431,2.24209060819295,0.568266115214473
4.2060581967136,2.20458563472387,0.561907341399446
4.20774141992289,2.16708066125479,0.555603005954493
4.20978521578209,2.12154153783251,0.548020435497034
4.21209918642005,2.06998247727177,0.539528430211534
4.21420507360216,2.02305985734958,0.53190763397117
4.21591073432125,1.98505493936641,0.525894587949217
4.21749545364081,1.94974479409981,0.520355664625156
4.21934301725371,1.90857804693185,0.513939824464962
4.22158245774213,1.85867964032706,0.506245868042292
4.2238615854848,1.80789693661346,0.498494900672463
4.22574667462789,1.76589405909371,0.492231478265945
4.22732886367653,1.73064029241266,0.487077433462746
4.22900074525584,1.69338802905901,0.481651146079133
4.23106252511481,1.64744819262932,0.475019166578856
4.23340744247347,1.59519958838101,0.467552005359103
4.23509066571827,1.55769461412071,0.462325777151617
4.23677388896307,1.52018963986042,0.457141251669794
4.23881768480351,1.47465051685595,0.450901458135272
4.24113165537988,1.41048388881895,0.443907645161978
4.24323754253715,1.34009995976556,0.437630219472399
4.24494320328891,1.28309258169888,0.432691388693782
4.24652792265414,1.23012736227264,0.428139540646765
4.24837548627957,1.16837724110184,0.422861303359762
4.25061492673035,1.0798280564648,0.416527442897679
4.25289405442609,0.9528712997947,0.410139823199398
4.25477914357193,0.847864105842002,0.404988371118617
4.25636133265777,0.759729687067378,0.400756813398614
4.25803321426798,0.666599026961917,0.396294710762381
4.26009499412153,0.551749436189498,0.390836955814094
4.26243991143647,0.421127928004465,0.38468565082276
4.26412313469829,0.327365491405533,0.380391267546437
4.26580635796012,0.233603054806601,0.376128108258078
4.26785015379161,0.119755247794008,0.370993135339568
4.27016412433848,-0.00548543911998267,0.365232016810987
4.27227001148384,-0.0758693677750328,0.360059900156094
4.27397567225121,-0.132876746363778,0.356004920782601
4.27556039163832,-0.185841966521081,0.35226522644603
4.27740795526978,-0.247592087893415,0.347922995099237
4.27964739570255,-0.322439695940586,0.34270820511906
4.28192652337581,-0.355687649017202,0.337442331354376
4.28381161252293,-0.37668908782207,0.333205795048272
4.28539380162657,-0.394315971775312,0.32973324863516
4.2870656832516,-0.412942103961485,0.326064465626757
4.28912746310259,-0.435912022087413,0.321572848463996
4.29147238039659,-0.445632798573744,0.316504214031682
4.29315560366654,-0.445632798573746,0.312976541550042
4.29483882693649,-0.445632798573748,0.309471471276031
4.2968826227637,-0.44563279857375,0.305245531417244
4.29919659329648,-0.445632798573752,0.300498658960678
4.30130248043615,-0.431122098527535,0.296235977225609
4.30300814121099,-0.412119638914726,0.292908220150249
4.30459286060855,-0.394464565412543,0.289836756120658
4.30644042424288,-0.373881191589775,0.286264659177471
4.30867986466704,-0.348931989003307,0.281970626863135
4.31095899232956,-0.312856677148625,0.277627712086609
4.31284408147731,-0.270853799524979,0.274143957444406
4.31442627058946,-0.235600031428909,0.271295916403192
4.31609815222157,-0.19834776689896,0.268279867233555
4.31815993207131,-0.152407930674617,0.264583176581301
4.32050484935531,-0.105783763866619,0.260405350395317
4.32218807262916,-0.0870312764129438,0.257508518316582
4.323871295903,-0.0682787889592686,0.254627194548027
4.32591509172816,-0.0455092276273028,0.251149196118374
4.32822906225419,-0.0197296985939609,0.247236833075802
4.33033494939114,2.02254533184832e-13,0.243722423413495
4.33204061016956,2.02254533184832e-13,0.240993016081688
4.33362532957211,2.02254533184832e-13,0.238471363899649
4.33547289320782,2.02254533184832e-13,0.235532924255894
4.33771233362787,2.02254533184832e-13,0.231996480230587
4.33999146128524,2.02254533184832e-13,0.228412964961656
4.34187655043329,2.02254533184832e-13,0.225548589991741
4.34345873954951,2.02254533184832e-13,0.223214384446498
4.345130621185,2.02254533184832e-13,0.220735396812456
4.34719240103416,2.02254533184832e-13,0.217692762101421
4.34953731831337,2.02254533184832e-13,0.21424788218256
4.35122054158908,2.02254533184832e-13,0.211870097981055
4.35290376486478,2.02254533184832e-13,0.209501985316219
4.35494756068896,2.02254533184832e-13,0.206639384068936
4.35726153121177,2.02254533184832e-13,0.203413645297397
4.35936741834741,2.02254533184832e-13,0.20051490486617
4.36107307912754,2.02254533184832e-13,0.19827781248878
4.36265779853249,2.02254533184832e-13,0.196208538866879
4.36450536216886,2.02254533184832e-13,0.193791464805806
4.36674480258693,2.02254533184832e-13,0.190878355281
4.36902393024185,2.02254533184832e-13,0.187919664760148
4.37090901939004,2.02254533184832e-13,0.185564907912659
4.37249120850821,2.02254533184832e-13,0.183653480018541
4.37416309014532,2.02254533184832e-13,0.18161638013985
4.37622486999419,2.02254533184832e-13,0.179111894766025
4.37856978727112,2.02254533184832e-13,0.176270074188972
4.38025301054771,2.02254533184832e-13,0.174319356320672
4.3819362338243,2.02254533184832e-13,0.172373507562093
4.38398002964801,2.02254533184832e-13,0.170017247691328
4.38629400016928,2.02254533184832e-13,0.167356455083617
4.3883998873043,2.02254533184832e-13,0.164964279866933
4.39010554808525,2.02254533184832e-13,0.163132258296285
4.39169026749134,2.02254533184832e-13,0.161435196298072
4.39353783112802,2.02254533184832e-13,0.159447095549081
4.39577727154515,2.02254533184832e-13,0.157046858129682
4.39805639919889,2.02254533184832e-13,0.15460226587146
4.39994148834715,2.02254533184832e-13,0.152666816667138
4.40152367746625,2.02254533184832e-13,0.151103245125521
4.40319555910414,2.02254533184832e-13,0.149429725162133
4.40525733895288,2.02254533184832e-13,0.147368022570411
4.40760225622871,2.02254533184832e-13,0.145022391942648
4.40928547950573,2.02254533184832e-13,0.143423059101788
4.41096870278275,2.02254533184832e-13,0.141824643991638
4.41301249860623,2.02254533184832e-13,0.139884995696539
4.41532646912675,2.02254533184832e-13,0.137689033975697
4.41743235626148,2.02254533184832e-13,0.135713654505741
4.41913801704282,2.02254533184832e-13,0.134214920308696
4.42072273644946,2.02254533184832e-13,0.132824109544813
4.42257030008629,2.02254533184832e-13,0.131188962861994
4.42480974050297,2.02254533184832e-13,0.129210710422919
4.42708886815615,2.02254533184832e-13,0.12718911201218
4.42897395730444,2.02254533184832e-13,0.125598664078119
4.43055614642399,2.02254533184832e-13,0.124321304547392
4.43222802806224,2.02254533184832e-13,0.122946933752504
4.43428980791092,2.02254533184832e-13,0.121249547492
4.43663472518622,2.02254533184832e-13,0.119312175967704
4.43831794846345,2.02254533184832e-13,0.118001958488525
4.44000117174067,2.02254533184832e-13,0.116689407593051
4.44204496756405,2.02254533184832e-13,0.115092542276202
4.44435893808422,2.02254533184832e-13,0.113279037800831
4.4464648252188,2.02254533184832e-13,0.111646592842781
4.44817048600032,2.02254533184832e-13,0.11042208347617
4.44975520540723,2.02254533184832e-13,0.109283252533539
4.45160276904414,2.02254533184832e-13,0.107938512198346
4.4538422094606,2.02254533184832e-13,0.106307463909936
4.4561213371135,2.02254533184832e-13,0.104633899733496
4.45800642626181,2.02254533184832e-13,0.103327314682481
4.45958861538157,2.02254533184832e-13,0.102285446941666
4.46126049702001,2.02254533184832e-13,0.101157212473823
4.46332227686865,2.02254533184832e-13,0.0997595812954367
4.4656671941437,2.02254533184832e-13,0.0981581204358912
4.46735041742102,2.02254533184832e-13,0.0970857835884775
4.46903364069835,2.02254533184832e-13,0.0960084383202226
4.47107743652167,2.02254533184832e-13,0.0946936107024315
4.47339140704167,2.02254533184832e-13,0.0931947874344287
4.47549729417618,2.02254533184832e-13,0.0918445048554695
4.4772029549578,2.02254533184832e-13,0.0908456243711543
4.47878767436483,2.02254533184832e-13,0.0899141193856474
4.48063523800177,2.02254533184832e-13,0.0888083218898001
4.48287467841813,2.02254533184832e-13,0.0874629489877303
4.4851538060709,2.02254533184832e-13,0.0860757431803915
4.48703889521922,2.02254533184832e-13,0.0850027170849874
4.48862108433909,2.02254533184832e-13,0.0841546091480065
4.49029296597761,2.02254533184832e-13,0.0832288926806998
4.49235474582624,2.02254533184832e-13,0.0820778963675713
4.49469966310116,2.02254533184832e-13,0.0807528187503908
4.49638288637853,2.02254533184832e-13,0.0798762072170051
4.4980661096559,2.02254533184832e-13,0.0789923863013046
4.5001099054792,2.02254533184832e-13,0.0779096158997274
4.50242387599912,2.02254533184832e-13,0.0766697085327087
4.5045297631336,2.02254533184832e-13,0.0755515857551757
4.50623542391526,2.02254533184832e-13,0.0747383499932346
4.50782014332235,2.02254533184832e-13,0.0739774303040838
4.50966770695931,2.02254533184832e-13,0.0730682320938161
4.51190714737562,2.02254533184832e-13,0.0719579094531521
4.51418627502833,2.02254533184832e-13,0.070806315857178
4.51607136417665,2.02254533184832e-13,0.0699254592527613
4.51765355329657,2.02254533184832e-13,0.0692367745448673
4.51932543493513,2.02254533184832e-13,0.0684776874452212
4.52138721478375,2.02254533184832e-13,0.0675296193237767
4.52373213205862,2.02254533184832e-13,0.0664319465040365
4.52541535533601,2.02254533184832e-13,0.0657163753977879
4.5270985786134,2.02254533184832e-13,0.0649917839846743
4.52914237443669,2.02254533184832e-13,0.0640999474610123
4.53145634495657,2.02254533184832e-13,0.0630730729736899
4.53356223209103,2.02254533184832e-13,0.0621459684799409
4.53526789287271,2.02254533184832e-13,0.0614854789559391
4.53685261227984,2.02254533184832e-13,0.0608649147906804
4.5387001759168,2.02254533184832e-13,0.0601174761007856
4.54093961633308,2.02254533184832e-13,0.0592005499795052
4.54321874398577,2.02254533184832e-13,0.0582428152685538
4.54510383313409,2.02254533184832e-13,0.0575200734029586
4.54668602225403,2.02254533184832e-13,0.0569625602046667
4.54835790389261,2.02254533184832e-13,0.056340573738499
4.55041968374123,2.02254533184832e-13,0.0555594724850103
4.55276460101607,2.02254533184832e-13,0.0546489055891368
4.55444782429347,2.02254533184832e-13,0.0540658366035251
4.55613104757088,2.02254533184832e-13,0.0534722573041748
4.55817484339416,2.02254533184832e-13,0.0527375188717999
4.56048881391402,2.02254533184832e-13,0.0518859252678157
4.56259470104847,2.02254533184832e-13,0.0511159883134812
4.56430036183016,2.02254533184832e-13,0.0505811765513078
4.5658850812373,2.02254533184832e-13,0.050076095217843
4.56773264487427,2.02254533184832e-13,0.0494617503098191
4.56997208529054,2.02254533184832e-13,0.0487039485115132
4.57225121294321,2.02254533184832e-13,0.0479057185524029
4.57413630209153,2.02254533184832e-13,0.0473130715863882
4.57571849121148,2.02254533184832e-13,0.0468634847237292
4.57739037285007,2.02254533184832e-13,0.0463543030047873
4.57945215269869,2.02254533184832e-13,0.0457105800759356
4.58179706997352,2.02254533184832e-13,0.0449539616769352
4.58348029325093,2.02254533184832e-13,0.0444799138376589
4.58516351652834,2.02254533184832e-13,0.0439941297249634
4.58720731235162,2.02254533184832e-13,0.0433886497068405
4.58952128287146,2.02254533184832e-13,0.0426812750990442
4.59162717000592,2.02254533184832e-13,0.0420406537000419
4.59333283078761,2.02254533184832e-13,0.0416092480841067
4.59491755019476,2.02254533184832e-13,0.041199184631441
4.59676511383173,2.02254533184832e-13,0.0406943476814755
4.59900455424799,2.02254533184832e-13,0.0400674714564082
4.60128368190065,2.02254533184832e-13,0.0394004800828167
4.60316877104897,2.02254533184832e-13,0.0389148736306907
4.60475096016893,2.02254533184832e-13,0.038554087254952
4.60642284180753,2.02254533184832e-13,0.0381377199211341
4.60848462165615,2.02254533184832e-13,0.0376070302204383
4.61082953893096,2.02254533184832e-13,0.0369770787874018
4.61251276220838,2.02254533184832e-13,0.036592732232082
4.61419598548579,2.02254533184832e-13,0.036195640698508
4.61623978130907,2.02254533184832e-13,0.0356965129442359
4.61855375182891,2.02254533184832e-13,0.035107799986619
4.62065963896336,2.02254533184832e-13,0.0345735778664583
4.62236529974506,2.02254533184832e-13,0.0342272535801403
4.62395001915221,2.02254533184832e-13,0.0338953696934859
4.62579758278918,2.02254533184832e-13,0.0334806345702888
4.62803702320544,2.02254533184832e-13,0.0329614823273731
4.6303161508581,2.02254533184832e-13,0.0324024724786606
4.63220124000642,2.02254533184832e-13,0.0320049376700076
4.63378342912638,2.02254533184832e-13,0.0317172152636045
4.63545531076498,2.02254533184832e-13,0.0313772144861391
4.6375170906136,2.02254533184832e-13,0.030939527161918
4.63986200788841,2.02254533184832e-13,0.0304137957803438
4.64154523116583,2.02254533184832e-13,0.0301032543592928
4.64322845444324,2.02254533184832e-13,0.0297791380098181
4.64527225026652,2.02254533184832e-13,0.0293675156151908
4.64758622078636,2.02254533184832e-13,0.0288764360317867
4.64969210792081,2.02254533184832e-13,0.0284297579546376
4.65139776870251,2.02254533184832e-13,0.0281534375598939
4.65298248810966,2.02254533184832e-13,0.0278858788769828
4.65483005174663,2.02254533184832e-13,0.0275452784498474
4.65706949216289,2.02254533184832e-13,0.0271147601998455
4.65934861981554,2.02254533184832e-13,0.0266445962470954
4.66123370896386,2.02254533184832e-13,0.0263195257241811
4.66281589808383,2.02254533184832e-13,0.0260919194702919
4.66448777972243,2.02254533184832e-13,0.0258147521740947
4.66654955957104,2.02254533184832e-13,0.0254535860832407
4.66889447684586,2.02254533184832e-13,0.0250136057026811
4.67057770012327,2.02254533184832e-13,0.0247637902557091
4.67226092340069,2.02254533184832e-13,0.0244997170073268
4.67430471922396,2.02254533184832e-13,0.0241600929669357
4.6766186897438,2.02254533184832e-13,0.0237493449459682
4.67872457687825,2.02254533184832e-13,0.0233746970512629
4.68043023765995,2.02254533184832e-13,0.0231559750139681
4.68201495706711,2.02254533184832e-13,0.0229413423326672
4.68386252070408,2.02254533184832e-13,0.022661739039078
4.68610196112034,2.02254533184832e-13,0.0223041477691501
4.68838108877299,2.02254533184832e-13,0.0219070851477458
4.69026617792131,2.02254533184832e-13,0.0216416373649161
4.69184836704127,2.02254533184832e-13,0.0214634939560642
4.69352024867988,2.02254533184832e-13,0.021238025290221
4.69558202852849,2.02254533184832e-13,0.0209398199470165
4.6979269458033,2.02254533184832e-13,0.0205703944555771
4.69961016908072,2.02254533184832e-13,0.0203705436074691
4.70129339235814,2.02254533184832e-13,0.0201558730982956
4.70333718818141,2.02254533184832e-13,0.0198754884351699
4.70565115870125,2.02254533184832e-13,0.0195308362546417
4.7077570458357,2.02254533184832e-13,0.0192154539250668
4.7094627066174,2.02254533184832e-13,0.0190441231214049
4.71104742602455,2.02254533184832e-13,0.0188730373157209
4.71289498966152,2.02254533184832e-13,0.0186436217277339
4.71513443007778,2.02254533184832e-13,0.0183460338972074
4.71741355773043,2.02254533184832e-13,0.0180091181693276
4.71929864687875,2.02254533184832e-13,0.0177927272577408
4.72088083599872,2.02254533184832e-13,0.0176552812810577
4.72255271763732,2.02254533184832e-13,0.017472349624569
4.72461449748594,2.02254533184832e-13,0.0172259476249614
4.72695941476075,2.02254533184832e-13,0.0169145738451039
4.72864263803816,2.02254533184832e-13,0.0167558332661601
4.73032586131558,2.02254533184832e-13,0.0165818107348047
4.73236965713886,2.02254533184832e-13,0.0163501675166192
4.73468362765869,2.02254533184832e-13,0.016059898196213
4.73678951479314,2.02254533184832e-13,0.0157932788586377
4.73849517557484,2.02254533184832e-13,0.0156609409902733
4.740079894982,2.02254533184832e-13,0.01552568502849
4.74192745861897,2.02254533184832e-13,0.0153375632791997
4.74416689903523,2.02254533184832e-13,0.0150893455547211
4.74644602668788,2.02254533184832e-13,0.0148019179652111
4.7483311158362,2.02254533184832e-13,0.0146258904554525
4.74991330495617,2.02254533184832e-13,0.0145219298349774
4.75158518659477,2.02254533184832e-13,0.0143739971166119
4.75364696644338,2.02254533184832e-13,0.0141702182831517
4.75599188371819,2.02254533184832e-13,0.0139066087512383
4.75767510699561,2.02254533184832e-13,0.0137816932058015
4.75935833027303,2.02254533184832e-13,0.0136411153402109
4.7614021260963,2.02254533184832e-13,0.0134495759948972
4.76371609661614,2.02254533184832e-13,0.0132040522357155
4.76582198375059,2.02254533184832e-13,0.0129775544996725
4.76752764453229,2.02254533184832e-13,0.0128772995480536
4.76911236393944,2.02254533184832e-13,0.0127715239495746
4.77095992757642,2.02254533184832e-13,0.0126173782725881
4.77319936799267,2.02254533184832e-13,0.0124097816757566
4.77547849564532,2.02254533184832e-13,0.0121630723294639
4.77736358479364,2.02254533184832e-13,0.0120202553397789
4.77894577391361,2.02254533184832e-13,0.0119438460664188
4.78061765555221,2.02254533184832e-13,0.011824710052108
4.78267943540083,2.02254533184832e-13,0.0116560010455409
4.78502435267564,2.02254533184832e-13,0.0114316913605999
4.78670757595305,2.02254533184832e-13,0.0113346066446619
4.78839079923047,2.02254533184832e-13,0.0112215466465805
4.79043459505375,2.02254533184832e-13,0.0110630042840459
4.79274856557358,2.02254533184832e-13,0.0108542966328217
4.79485445270803,2.02254533184832e-13,0.0106608104664858
4.79656011348973,2.02254533184832e-13,0.0105869529517114
4.79814483289689,2.02254533184832e-13,0.0105054334405033
4.79999239653386,2.02254533184832e-13,0.0103792428659153
4.80223183695012,2.02254533184832e-13,0.0102050688428517
4.80451096460277,2.02254533184832e-13,0.00999186197584652
4.80639605375109,2.02254533184832e-13,0.00987637020142076
4.80797824287106,2.02254533184832e-13,0.00982262984408275
4.80965012450966,2.02254533184832e-13,0.00972718741046002
4.81171190435828,2.02254533184832e-13,0.00958733343437221
4.81405682163308,2.02254533184832e-13,0.00939535918940021
4.8157400449105,2.02254533184832e-13,0.00932117334421798
4.81742326818792,2.02254533184832e-13,0.00923075471554304
4.81946706401119,2.02254533184832e-13,0.00909936187235799
4.82178103453103,2.02254533184832e-13,0.00892094607060551
4.82388692166548,2.02254533184832e-13,0.00875462142556752
4.82559258244718,2.02254533184832e-13,0.00870248340336565
4.82717730185433,2.02254533184832e-13,0.00864092150813447
4.82902486549131,2.02254533184832e-13,0.00853773205454503
4.83126430590756,2.02254533184832e-13,0.00839105772196209
4.83354343356021,2.02254533184832e-13,0.00820541629073517
4.83542852270853,2.02254533184832e-13,0.00811240737376874
4.8370107118285,2.02254533184832e-13,0.00807731872705215
4.8386825934671,2.02254533184832e-13,0.00800137108577621
4.84074437331572,2.02254533184832e-13,0.00788525868065488
4.84308929059053,2.02254533184832e-13,0.00771988964558919
4.84477251386795,2.02254533184832e-13,0.00766454471500904
4.84645573714536,2.02254533184832e-13,0.00759275513193244
4.84849953296864,2.02254533184832e-13,0.00748370058573183
4.85081350348847,2.02254533184832e-13,0.00733020855227876
4.85291939062292,2.02254533184832e-13,0.00718623207928352
4.85462505140462,2.02254533184832e-13,0.00715196459354278
4.85620977081178,2.02254533184832e-13,0.0071068235839654
4.85805733444875,2.02254533184832e-13,0.00702255917524416
4.86029677486501,2.02254533184832e-13,0.00689851125622785
4.86257590251766,2.02254533184832e-13,0.00673555033300525
4.86446099166598,2.02254533184832e-13,0.0066610400399194
4.86604318078595,2.02254533184832e-13,0.00664129779568478
4.86771506242455,2.02254533184832e-13,0.00658139023436333
4.86977684227317,2.02254533184832e-13,0.00648481210741093
4.87212175954797,2.02254533184832e-13,0.00634133351808644
4.87380498282539,2.02254533184832e-13,0.00630149066474093
4.87548820610281,2.02254533184832e-13,0.00624502883563873
4.87753200192608,2.02254533184832e-13,0.00615435397070396
4.87984597244592,2.02254533184832e-13,0.00602136891312314
4.88195185958037,2.02254533184832e-13,0.00589578024647258
4.88365752036207,2.02254533184832e-13,0.00587621642253892
4.88524223976922,2.02254533184832e-13,0.00584458631957318
4.8870898034062,2.02254533184832e-13,0.00577589320945459
4.88932924382245,2.02254533184832e-13,0.00567046203055206
4.8916083714751,2.02254533184832e-13,0.00552616235569396
4.89349346062342,2.02254533184832e-13,0.00546687250716656
4.89507564974339,2.02254533184832e-13,0.00545975709775253
4.89674753138199,2.02254533184832e-13,0.00541304712070743
4.89880931123061,2.02254533184832e-13,0.00533254156216763
4.90115422850542,2.02254533184832e-13,0.00520707416750901
4.90283745178284,2.02254533184832e-13,0.0051799862362925
4.90452067506025,2.02254533184832e-13,0.00513613589824385
4.90656447088353,2.02254533184832e-13,0.00506058361331906
4.90887844140336,2.02254533184832e-13,0.00494447144808633
4.91098432853781,2.02254533184832e-13,0.00483401204666261
4.91268998931951,2.02254533184832e-13,0.00482654621827637
4.91427470872667,2.02254533184832e-13,0.00480603272627285
4.91612227236364,2.02254533184832e-13,0.00475015149278977
4.9183617127799,2.02254533184832e-13,0.00466003794305739
4.92064084043255,2.02254533184832e-13,0.00453109251822118
4.92252592958087,2.02254533184832e-13,0.00448432586785447
4.92410811870083,2.02254533184832e-13,0.00448759966579858
4.92578000033944,2.02254533184832e-13,0.0044517485018782
4.92784178018805,2.02254533184832e-13,0.00438446725872613
4.93018669746286,2.02254533184832e-13,0.00427381925774851
4.93186992074028,2.02254533184832e-13,0.00425722592258224
4.9335531440177,2.02254533184832e-13,0.00422375216722531
4.93559693984097,2.02254533184832e-13,0.0041606425586914
4.93791091036081,2.02254533184832e-13,0.00405841320572527
4.94001679749525,2.02254533184832e-13,0.0039604019812082
4.94172245827696,2.02254533184832e-13,0.00396289023760614
4.94330717768411,2.02254533184832e-13,0.00395152335898968
4.94515474132108,2.02254533184832e-13,0.00390618358303768
4.94739418173734,2.02254533184832e-13,0.00382867319379206
4.94967330938999,2.02254533184832e-13,0.00371236106063761
4.95155839853831,2.02254533184832e-13,0.00367589834663557
4.95314058765828,2.02254533184832e-13,0.00368772025905682
4.95481246929688,2.02254533184832e-13,0.00366080359557292
4.9568742491455,2.02254533184832e-13,0.00360440315958152
4.95921916642031,2.02254533184832e-13,0.00350594837694098
4.96090238969772,2.02254533184832e-13,0.00349798986879628
4.96258561297514,2.02254533184832e-13,0.00347305384049327
4.96462940879842,2.02254533184832e-13,0.00342018191598324
4.96694337931825,2.02254533184832e-13,0.00332937517346551
4.9690492664527,2.02254533184832e-13,0.00324160615873034
4.9707549272344,2.02254533184832e-13,0.00325228451600096
4.97233964664155,2.02254533184832e-13,0.0032484433605331
4.97418721027853,2.02254533184832e-13,0.00321177696866375
4.97642665069478,2.02254533184832e-13,0.00314463630782
4.97870577834743,2.02254533184832e-13,0.00303871869465117
4.98059086749575,2.02254533184832e-13,0.00301073393518157
4.98217305661572,2.02254533184832e-13,0.00302958913306872
4.98384493825433,2.02254533184832e-13,0.00301002366875665
4.98590671810294,2.02254533184832e-13,0.00296257582962917
4.98825163537775,2.02254533184832e-13,0.00287415347993535
4.98993485865517,2.02254533184832e-13,0.00287329960329201
4.99161808193258,2.02254533184832e-13,0.00285538831380839
4.99366187775586,2.02254533184832e-13,0.00281093983220408
4.99597584827569,2.02254533184832e-13,0.002729531475759
4.99808173541014,2.02254533184832e-13,0.00265018962766865
4.99978739619185,2.02254533184832e-13,0.00266760670113057
5,2.02254533184832e-13,0.00267809858519139
